{
  "cannonball": "2",
  "cannon base": "6",
  "cannon stand": "8",
  "cannon barrels": "10",
  "cannon furnace": "12",
  "insect repellent": "28",
  "bucket of wax": "30",
  "candle": "36",
  "bronze arrowtips": "39",
  "iron arrowtips": "40",
  "steel arrowtips": "41",
  "mithril arrowtips": "42",
  "adamant arrowtips": "43",
  "rune arrowtips": "44",
  "opal bolt tips": "45",
  "pearl bolt tips": "46",
  "barb bolttips": "47",
  "longbow unstrung": "48",
  "shortbow unstrung": "50",
  "arrow shaft": "52",
  "headless arrow": "53",
  "oak shortbow unstrung": "54",
  "oak longbow unstrung": "56",
  "willow longbow unstrung": "58",
  "willow shortbow unstrung": "60",
  "maple longbow unstrung": "62",
  "maple shortbow unstrung": "64",
  "yew longbow unstrung": "66",
  "yew shortbow unstrung": "68",
  "magic longbow unstrung": "70",
  "magic shortbow unstrung": "72",
  "guam potion unfinished": "91",
  "marrentill potion unfinished": "93",
  "tarromin potion unfinished": "95",
  "harralander potion unfinished": "97",
  "ranarr potion unfinished": "99",
  "irit potion unfinished": "101",
  "avantoe potion unfinished": "103",
  "kwuarm potion unfinished": "105",
  "cadantine potion unfinished": "107",
  "dwarf weed potion unfinished": "109",
  "torstol potion unfinished": "111",
  "strength potion(4)": "113",
  "strength potion(3)": "115",
  "strength potion(2)": "117",
  "strength potion(1)": "119",
  "attack potion(3)": "121",
  "attack potion(2)": "123",
  "attack potion(1)": "125",
  "restore potion(3)": "127",
  "restore potion(2)": "129",
  "restore potion(1)": "131",
  "defence potion(3)": "133",
  "defence potion(2)": "135",
  "defence potion(1)": "137",
  "prayer potion(3)": "139",
  "prayer potion(2)": "141",
  "prayer potion(1)": "143",
  "super attack(3)": "145",
  "super attack(2)": "147",
  "super attack(1)": "149",
  "fishing potion(3)": "151",
  "fishing potion(2)": "153",
  "fishing potion(1)": "155",
  "super strength(3)": "157",
  "super strength(2)": "159",
  "super strength(1)": "161",
  "super defence(3)": "163",
  "super defence(2)": "165",
  "super defence(1)": "167",
  "ranging potion(3)": "169",
  "ranging potion(2)": "171",
  "ranging potion(1)": "173",
  "antipoison(3)": "175",
  "antipoison(2)": "177",
  "antipoison(1)": "179",
  "superantipoison(3)": "181",
  "superantipoison(2)": "183",
  "superantipoison(1)": "185",
  "weapon poison": "187",
  "zamorak brew(3)": "189",
  "zamorak brew(2)": "191",
  "zamorak brew(1)": "193",
  "poison chalice": "197",
  "grimy guam leaf": "199",
  "grimy marrentill": "201",
  "grimy tarromin": "203",
  "grimy harralander": "205",
  "grimy ranarr weed": "207",
  "grimy irit leaf": "209",
  "grimy avantoe": "211",
  "grimy kwuarm": "213",
  "grimy cadantine": "215",
  "grimy dwarf weed": "217",
  "grimy torstol": "219",
  "eye of newt": "221",
  "red spiders' eggs": "223",
  "limpwurt root": "225",
  "vial of water": "227",
  "vial": "229",
  "snape grass": "231",
  "pestle and mortar": "233",
  "unicorn horn dust": "235",
  "unicorn horn": "237",
  "white berries": "239",
  "dragon scale dust": "241",
  "blue dragon scale": "243",
  "wine of zamorak": "245",
  "jangerberries": "247",
  "guam leaf": "249",
  "marrentill": "251",
  "tarromin": "253",
  "harralander": "255",
  "ranarr weed": "257",
  "irit leaf": "259",
  "avantoe": "261",
  "kwuarm": "263",
  "cadantine": "265",
  "dwarf weed": "267",
  "torstol": "269",
  "fish food": "272",
  "poison": "273",
  "goblin mail": "288",
  "mithril seeds": "299",
  "lobster pot": "301",
  "small fishing net": "303",
  "big fishing net": "305",
  "fishing rod": "307",
  "fly fishing rod": "309",
  "harpoon": "311",
  "fishing bait": "313",
  "feather": "314",
  "shrimps": "315",
  "raw shrimps": "317",
  "anchovies": "319",
  "raw anchovies": "321",
  "sardine": "325",
  "raw sardine": "327",
  "salmon": "329",
  "raw salmon": "331",
  "trout": "333",
  "raw trout": "335",
  "cod": "339",
  "raw cod": "341",
  "raw herring": "345",
  "herring": "347",
  "raw pike": "349",
  "pike": "351",
  "raw mackerel": "353",
  "mackerel": "355",
  "raw tuna": "359",
  "tuna": "361",
  "raw bass": "363",
  "bass": "365",
  "raw swordfish": "371",
  "swordfish": "373",
  "raw lobster": "377",
  "lobster": "379",
  "raw shark": "383",
  "shark": "385",
  "raw manta ray": "389",
  "manta ray": "391",
  "raw sea turtle": "395",
  "sea turtle": "397",
  "seaweed": "401",
  "edible seaweed": "403",
  "casket": "405",
  "oyster": "407",
  "oyster pearl": "411",
  "oyster pearls": "413",
  "priest gown": "428",
  "clay": "434",
  "copper ore": "436",
  "tin ore": "438",
  "iron ore": "440",
  "silver ore": "442",
  "gold ore": "444",
  "mithril ore": "447",
  "adamantite ore": "449",
  "runite ore": "451",
  "coal": "453",
  "strange fruit": "464",
  "bones": "526",
  "burnt bones": "528",
  "bat bones": "530",
  "big bones": "532",
  "babydragon bones": "534",
  "dragon bones": "536",
  "druid's robe": "538",
  "druid's robe top": "540",
  "monk's robe": "542",
  "monk's robe top": "544",
  "shade robe top": "546",
  "shade robe": "548",
  "fire rune": "554",
  "water rune": "555",
  "air rune": "556",
  "earth rune": "557",
  "mind rune": "558",
  "body rune": "559",
  "death rune": "560",
  "nature rune": "561",
  "chaos rune": "562",
  "law rune": "563",
  "cosmic rune": "564",
  "blood rune": "565",
  "soul rune": "566",
  "unpowered orb": "567",
  "fire orb": "569",
  "water orb": "571",
  "air orb": "573",
  "earth orb": "575",
  "blue wizard robe": "577",
  "blue wizard hat": "579",
  "black robe": "581",
  "tinderbox": "590",
  "ashes": "592",
  "unlit torch": "596",
  "ship ticket": "621",
  "pink boots": "626",
  "green boots": "628",
  "blue boots": "630",
  "cream boots": "632",
  "turquoise boots": "634",
  "pink robe top": "636",
  "green robe top": "638",
  "blue robe top": "640",
  "cream robe top": "642",
  "turquoise robe top": "644",
  "pink robe bottoms": "646",
  "green robe bottoms": "648",
  "blue robe bottoms": "650",
  "cream robe bottoms": "652",
  "turquoise robe bottoms": "654",
  "pink hat": "656",
  "green hat": "658",
  "blue hat": "660",
  "cream hat": "662",
  "turquoise hat": "664",
  "gnomeball": "751",
  "cadava berries": "753",
  "bronze thrownaxe": "800",
  "iron thrownaxe": "801",
  "steel thrownaxe": "802",
  "mithril thrownaxe": "803",
  "adamant thrownaxe": "804",
  "rune thrownaxe": "805",
  "bronze dart": "806",
  "iron dart": "807",
  "steel dart": "808",
  "mithril dart": "809",
  "adamant dart": "810",
  "rune dart": "811",
  "bronze dart poison": "812",
  "iron dart poison": "813",
  "steel dart poison": "814",
  "mithril dart poison": "815",
  "adamant dart poison": "816",
  "rune dart poison": "817",
  "bronze dart tip": "819",
  "iron dart tip": "820",
  "steel dart tip": "821",
  "mithril dart tip": "822",
  "adamant dart tip": "823",
  "rune dart tip": "824",
  "bronze javelin": "825",
  "iron javelin": "826",
  "steel javelin": "827",
  "mithril javelin": "828",
  "adamant javelin": "829",
  "rune javelin": "830",
  "bronze javelin poison": "831",
  "iron javelin poison": "832",
  "steel javelin poison": "833",
  "mithril javelin poison": "834",
  "adamant javelin poison": "835",
  "rune javelin poison": "836",
  "crossbow": "837",
  "longbow": "839",
  "shortbow": "841",
  "oak shortbow": "843",
  "oak longbow": "845",
  "willow longbow": "847",
  "willow shortbow": "849",
  "maple longbow": "851",
  "maple shortbow": "853",
  "yew longbow": "855",
  "yew shortbow": "857",
  "magic longbow": "859",
  "magic shortbow": "861",
  "iron knife": "863",
  "bronze knife": "864",
  "steel knife": "865",
  "mithril knife": "866",
  "adamant knife": "867",
  "rune knife": "868",
  "black knife": "869",
  "bronze knife poison": "870",
  "iron knife poison": "871",
  "steel knife poison": "872",
  "mithril knife poison": "873",
  "black knife poison": "874",
  "adamant knife poison": "875",
  "rune knife poison": "876",
  "bronze bolts": "877",
  "bronze bolts poison": "878",
  "opal bolts": "879",
  "pearl bolts": "880",
  "barbed bolts": "881",
  "bronze arrow": "882",
  "bronze arrow poison": "883",
  "iron arrow": "884",
  "iron arrow poison": "885",
  "steel arrow": "886",
  "steel arrow poison": "887",
  "mithril arrow": "888",
  "mithril arrow poison": "889",
  "adamant arrow": "890",
  "adamant arrow poison": "891",
  "rune arrow": "892",
  "rune arrow poison": "893",
  "knife": "946",
  "bear fur": "948",
  "silk": "950",
  "spade": "952",
  "rope": "954",
  "grey wolf fur": "958",
  "plank": "960",
  "christmas cracker": "962",
  "papyrus": "970",
  "charcoal": "973",
  "machete": "975",
  "disk of returning": "981",
  "brass key": "983",
  "tooth half of key": "985",
  "loop half of key": "987",
  "crystal key": "989",
  "muddy key": "991",
  "sinister key": "993",
  "white apron": "1005",
  "red cape": "1007",
  "brass necklace": "1009",
  "blue skirt": "1011",
  "pink skirt": "1013",
  "black skirt": "1015",
  "wizard hat": "1017",
  "black cape": "1019",
  "blue cape": "1021",
  "yellow cape": "1023",
  "eye patch": "1025",
  "green cape": "1027",
  "purple cape": "1029",
  "orange cape": "1031",
  "zamorak robe": "1035",
  "red partyhat": "1038",
  "yellow partyhat": "1040",
  "blue partyhat": "1042",
  "green partyhat": "1044",
  "purple partyhat": "1046",
  "white partyhat": "1048",
  "santa hat": "1050",
  "green halloween mask": "1053",
  "blue halloween mask": "1055",
  "red halloween mask": "1057",
  "leather gloves": "1059",
  "leather boots": "1061",
  "leather vambraces": "1063",
  "green d'hide vamb": "1065",
  "iron platelegs": "1067",
  "steel platelegs": "1069",
  "mithril platelegs": "1071",
  "adamant platelegs": "1073",
  "bronze platelegs": "1075",
  "black platelegs": "1077",
  "rune platelegs": "1079",
  "iron plateskirt": "1081",
  "steel plateskirt": "1083",
  "mithril plateskirt": "1085",
  "bronze plateskirt": "1087",
  "black plateskirt": "1089",
  "adamant plateskirt": "1091",
  "rune plateskirt": "1093",
  "leather chaps": "1095",
  "studded chaps": "1097",
  "green d'hide chaps": "1099",
  "iron chainbody": "1101",
  "bronze chainbody": "1103",
  "steel chainbody": "1105",
  "black chainbody": "1107",
  "mithril chainbody": "1109",
  "adamant chainbody": "1111",
  "rune chainbody": "1113",
  "iron platebody": "1115",
  "bronze platebody": "1117",
  "steel platebody": "1119",
  "mithril platebody": "1121",
  "adamant platebody": "1123",
  "black platebody": "1125",
  "rune platebody": "1127",
  "leather body": "1129",
  "hardleather body": "1131",
  "studded body": "1133",
  "green d'hide body": "1135",
  "iron med helm": "1137",
  "bronze med helm": "1139",
  "steel med helm": "1141",
  "mithril med helm": "1143",
  "adamant med helm": "1145",
  "rune med helm": "1147",
  "dragon med helm": "1149",
  "black med helm": "1151",
  "iron full helm": "1153",
  "bronze full helm": "1155",
  "steel full helm": "1157",
  "mithril full helm": "1159",
  "adamant full helm": "1161",
  "rune full helm": "1163",
  "black full helm": "1165",
  "leather cowl": "1167",
  "coif": "1169",
  "wooden shield": "1171",
  "bronze sq shield": "1173",
  "iron sq shield": "1175",
  "steel sq shield": "1177",
  "black sq shield": "1179",
  "mithril sq shield": "1181",
  "adamant sq shield": "1183",
  "rune sq shield": "1185",
  "dragon sq shield": "1187",
  "bronze kiteshield": "1189",
  "iron kiteshield": "1191",
  "steel kiteshield": "1193",
  "black kiteshield": "1195",
  "mithril kiteshield": "1197",
  "adamant kiteshield": "1199",
  "rune kiteshield": "1201",
  "iron dagger": "1203",
  "bronze dagger": "1205",
  "steel dagger": "1207",
  "mithril dagger": "1209",
  "adamant dagger": "1211",
  "rune dagger": "1213",
  "dragon dagger": "1215",
  "black dagger": "1217",
  "iron dagger poison": "1219",
  "bronze dagger poison": "1221",
  "steel dagger poison": "1223",
  "mithril dagger poison": "1225",
  "adamant dagger poison": "1227",
  "rune dagger poison": "1229",
  "dragon dagger poison": "1231",
  "black dagger poison": "1233",
  "bronze spear": "1237",
  "iron spear": "1239",
  "steel spear": "1241",
  "mithril spear": "1243",
  "adamant spear": "1245",
  "rune spear": "1247",
  "dragon spear": "1249",
  "bronze spear poison": "1251",
  "iron spear poison": "1253",
  "steel spear poison": "1255",
  "mithril spear poison": "1257",
  "adamant spear poison": "1259",
  "rune spear poison": "1261",
  "dragon spear poison": "1263",
  "bronze pickaxe": "1265",
  "iron pickaxe": "1267",
  "steel pickaxe": "1269",
  "adamant pickaxe": "1271",
  "mithril pickaxe": "1273",
  "rune pickaxe": "1275",
  "bronze sword": "1277",
  "iron sword": "1279",
  "steel sword": "1281",
  "black sword": "1283",
  "mithril sword": "1285",
  "adamant sword": "1287",
  "rune sword": "1289",
  "bronze longsword": "1291",
  "iron longsword": "1293",
  "steel longsword": "1295",
  "black longsword": "1297",
  "mithril longsword": "1299",
  "adamant longsword": "1301",
  "rune longsword": "1303",
  "dragon longsword": "1305",
  "bronze 2h sword": "1307",
  "iron 2h sword": "1309",
  "steel 2h sword": "1311",
  "black 2h sword": "1313",
  "mithril 2h sword": "1315",
  "adamant 2h sword": "1317",
  "rune 2h sword": "1319",
  "bronze scimitar": "1321",
  "iron scimitar": "1323",
  "steel scimitar": "1325",
  "black scimitar": "1327",
  "mithril scimitar": "1329",
  "adamant scimitar": "1331",
  "rune scimitar": "1333",
  "iron warhammer": "1335",
  "bronze warhammer": "1337",
  "steel warhammer": "1339",
  "black warhammer": "1341",
  "mithril warhammer": "1343",
  "adamant warhammer": "1345",
  "rune warhammer": "1347",
  "iron axe": "1349",
  "bronze axe": "1351",
  "steel axe": "1353",
  "mithril axe": "1355",
  "adamant axe": "1357",
  "rune axe": "1359",
  "black axe": "1361",
  "iron battleaxe": "1363",
  "steel battleaxe": "1365",
  "black battleaxe": "1367",
  "mithril battleaxe": "1369",
  "adamant battleaxe": "1371",
  "rune battleaxe": "1373",
  "bronze battleaxe": "1375",
  "dragon battleaxe": "1377",
  "staff": "1379",
  "staff of air": "1381",
  "staff of water": "1383",
  "staff of earth": "1385",
  "staff of fire": "1387",
  "magic staff": "1389",
  "battlestaff": "1391",
  "fire battlestaff": "1393",
  "water battlestaff": "1395",
  "air battlestaff": "1397",
  "earth battlestaff": "1399",
  "mystic fire staff": "1401",
  "mystic water staff": "1403",
  "mystic air staff": "1405",
  "mystic earth staff": "1407",
  "iron mace": "1420",
  "bronze mace": "1422",
  "steel mace": "1424",
  "black mace": "1426",
  "mithril mace": "1428",
  "adamant mace": "1430",
  "rune mace": "1432",
  "dragon mace": "1434",
  "rune essence": "1436",
  "air talisman": "1438",
  "earth talisman": "1440",
  "fire talisman": "1442",
  "water talisman": "1444",
  "body talisman": "1446",
  "mind talisman": "1448",
  "chaos talisman": "1452",
  "cosmic talisman": "1454",
  "death talisman": "1456",
  "nature talisman": "1462",
  "archery ticket": "1464",
  "red bead": "1470",
  "yellow bead": "1472",
  "black bead": "1474",
  "white bead": "1476",
  "amulet of accuracy": "1478",
  "logs": "1511",
  "magic logs": "1513",
  "yew logs": "1515",
  "maple logs": "1517",
  "willow logs": "1519",
  "oak logs": "1521",
  "lockpick": "1523",
  "steel nails": "1539",
  "anti-dragon shield": "1540",
  "garlic": "1550",
  "seasoned sardine": "1552",
  "doogle leaves": "1573",
  "ring mould": "1592",
  "amulet mould": "1595",
  "necklace mould": "1597",
  "holy mould": "1599",
  "diamond": "1601",
  "ruby": "1603",
  "emerald": "1605",
  "sapphire": "1607",
  "opal": "1609",
  "jade": "1611",
  "red topaz": "1613",
  "dragonstone": "1615",
  "uncut diamond": "1617",
  "uncut ruby": "1619",
  "uncut emerald": "1621",
  "uncut sapphire": "1623",
  "uncut opal": "1625",
  "uncut jade": "1627",
  "uncut red topaz": "1629",
  "uncut dragonstone": "1631",
  "gold ring": "1635",
  "sapphire ring": "1637",
  "emerald ring": "1639",
  "ruby ring": "1641",
  "diamond ring": "1643",
  "dragonstone ring": "1645",
  "gold necklace": "1654",
  "sapphire necklace": "1656",
  "emerald necklace": "1658",
  "ruby necklace": "1660",
  "diamond necklace": "1662",
  "dragon necklace": "1664",
  "gold amulet unstrung": "1673",
  "sapphire amulet unstrung": "1675",
  "emerald amulet unstrung": "1677",
  "ruby amulet unstrung": "1679",
  "diamond amulet unstrung": "1681",
  "dragonstone amulet unstrung": "1683",
  "gold amulet": "1692",
  "sapphire amulet": "1694",
  "emerald amulet": "1696",
  "ruby amulet": "1698",
  "diamond amulet": "1700",
  "dragonstone amulet": "1702",
  "amulet of glory": "1704",
  "amulet of glory(4)": "1712",
  "unstrung symbol": "1714",
  "unblessed symbol": "1716",
  "holy symbol": "1718",
  "unstrung emblem": "1720",
  "unpowered symbol": "1722",
  "unholy symbol": "1724",
  "amulet of strength": "1725",
  "amulet of magic": "1727",
  "amulet of defence": "1729",
  "amulet of power": "1731",
  "needle": "1733",
  "thread": "1734",
  "shears": "1735",
  "wool": "1737",
  "cowhide": "1739",
  "leather": "1741",
  "hard leather": "1743",
  "green dragon leather": "1745",
  "black dragonhide": "1747",
  "red dragonhide": "1749",
  "blue dragonhide": "1751",
  "green dragonhide": "1753",
  "chisel": "1755",
  "brown apron": "1757",
  "ball of wool": "1759",
  "soft clay": "1761",
  "red dye": "1763",
  "yellow dye": "1765",
  "blue dye": "1767",
  "orange dye": "1769",
  "green dye": "1771",
  "purple dye": "1773",
  "molten glass": "1775",
  "bow string": "1777",
  "flax": "1779",
  "soda ash": "1781",
  "bucket of sand": "1783",
  "glassblowing pipe": "1785",
  "unfired pot": "1787",
  "unfired pie dish": "1789",
  "unfired bowl": "1791",
  "woad leaf": "1793",
  "bronze wire": "1794",
  "waterskin(4)": "1823",
  "waterskin(0)": "1831",
  "desert shirt": "1833",
  "desert robe": "1835",
  "desert boots": "1837",
  "shantay pass": "1854",
  "raw ugthanki meat": "1859",
  "ugthanki meat": "1861",
  "pitta bread": "1865",
  "chopped tomato": "1869",
  "chopped onion": "1871",
  "chopped ugthanki": "1873",
  "onion & tomato": "1875",
  "ugthanki & onion": "1877",
  "ugthanki & tomato": "1879",
  "kebab mix": "1881",
  "ugthanki kebab": "1885",
  "cake tin": "1887",
  "cake": "1891",
  "chocolate cake": "1897",
  "asgarnian ale": "8520",
  "wizard's mind bomb": "1907",
  "greenman's ale": "8522",
  "dragon bitter": "8524",
  "dwarven stout": "1913",
  "grog": "1915",
  "beer": "1917",
  "beer glass": "1919",
  "bowl of water": "1921",
  "bowl": "1923",
  "bucket": "1925",
  "bucket of milk": "1927",
  "bucket of water": "1929",
  "pot": "1931",
  "pot of flour": "1933",
  "jug": "1935",
  "jug of water": "1937",
  "swamp tar": "1939",
  "swamp paste": "1941",
  "potato": "1942",
  "egg": "1944",
  "grain": "1947",
  "chef's hat": "1949",
  "redberries": "1951",
  "pastry dough": "1953",
  "cooking apple": "1955",
  "onion": "1957",
  "pumpkin": "1959",
  "easter egg": "1961",
  "banana": "1963",
  "cabbage": "1965",
  "spinach roll": "1969",
  "kebab": "1971",
  "chocolate bar": "1973",
  "chocolate dust": "1975",
  "cup of tea": "1978",
  "empty cup": "1980",
  "tomato": "1982",
  "cheese": "1985",
  "grapes": "1987",
  "half full wine jug": "1989",
  "jug of wine": "1993",
  "stew": "2003",
  "spice": "2007",
  "curry": "2011",
  "vodka": "2015",
  "whisky": "2017",
  "gin": "2019",
  "brandy": "2021",
  "cocktail guide": "2023",
  "cocktail shaker": "2025",
  "cocktail glass": "2026",
  "premade blurb' sp.": "2028",
  "premade choc s'dy": "2030",
  "premade dr' dragon": "2032",
  "premade fr' blast": "2034",
  "premade p' punch": "2036",
  "premade sgg": "2038",
  "premade wiz blz'd": "2040",
  "pineapple punch": "2048",
  "wizard blizzard": "2054",
  "blurberry special": "2064",
  "choc saturday": "2074",
  "short green guy": "2080",
  "fruit blast": "2084",
  "drunk dragon": "2092",
  "lemon": "2102",
  "lemon chunks": "2104",
  "lemon slices": "2106",
  "orange": "2108",
  "orange chunks": "2110",
  "orange slices": "2112",
  "pineapple": "2114",
  "pineapple chunks": "2116",
  "pineapple ring": "2118",
  "lime": "2120",
  "lime chunks": "2122",
  "lime slices": "2124",
  "dwellberries": "2126",
  "equa leaves": "2128",
  "pot of cream": "2130",
  "raw beef": "2132",
  "raw rat meat": "2134",
  "raw bear meat": "2136",
  "raw chicken": "2138",
  "cooked chicken": "2140",
  "cooked meat": "2142",
  "swamp toad": "2150",
  "toad's legs": "2152",
  "king worm": "2162",
  "batta tin": "2164",
  "crunchy tray": "2165",
  "gnomebowl mould": "2166",
  "gianne's cook book": "2167",
  "gnome spice": "2169",
  "gianne dough": "2171",
  "chocolate bomb": "2185",
  "tangled toad's legs": "2187",
  "worm hole": "2191",
  "veg ball": "2195",
  "rock-climbing boots": "2203",
  "worm crunchies": "2205",
  "chocchip crunchies": "2209",
  "spicy crunchies": "2213",
  "toad crunchies": "2217",
  "premade w'm batta": "2219",
  "premade t'd batta": "2221",
  "premade c+t batta": "2223",
  "premade fr't batta": "2225",
  "premade veg batta": "2227",
  "premade choc bomb": "2229",
  "premade ttl": "2231",
  "premade worm hole": "2233",
  "premade veg ball": "2235",
  "premade w'm crun'": "2237",
  "premade ch' crunch": "2239",
  "premade s'y crunch": "2241",
  "premade t'd crunch": "2243",
  "worm batta": "2253",
  "toad batta": "2255",
  "cheese+tom batta": "2259",
  "fruit batta": "2277",
  "vegetable batta": "2281",
  "pizza base": "2283",
  "plain pizza": "2289",
  "meat pizza": "2293",
  "anchovy pizza": "2297",
  "pineapple pizza": "2301",
  "bread dough": "2307",
  "bread": "2309",
  "pie dish": "2313",
  "pie shell": "2315",
  "uncooked apple pie": "2317",
  "uncooked meat pie": "2319",
  "uncooked berry pie": "2321",
  "apple pie": "2323",
  "redberry pie": "2325",
  "meat pie": "2327",
  "raw oomlie": "2337",
  "wrapped oomlie": "2341",
  "cooked oomlie wrap": "2343",
  "hammer": "2347",
  "bronze bar": "2349",
  "iron bar": "2351",
  "steel bar": "2353",
  "silver bar": "2355",
  "gold bar": "2357",
  "mithril bar": "2359",
  "adamantite bar": "2361",
  "runite bar": "2363",
  "shield left half": "2366",
  "shield right half": "2368",
  "steel studs": "2370",
  "attack potion(4)": "2428",
  "restore potion(4)": "2430",
  "defence potion(4)": "2432",
  "prayer potion(4)": "2434",
  "super attack(4)": "2436",
  "fishing potion(4)": "2438",
  "super strength(4)": "2440",
  "super defence(4)": "2442",
  "ranging potion(4)": "2444",
  "antipoison(4)": "2446",
  "superantipoison(4)": "2448",
  "zamorak brew(4)": "2450",
  "antifire potion(4)": "2452",
  "antifire potion(3)": "2454",
  "antifire potion(2)": "2456",
  "antifire potion(1)": "2458",
  "assorted flowers": "2460",
  "red flowers": "2462",
  "blue flowers": "2464",
  "yellow flowers": "2466",
  "purple flowers": "2468",
  "orange flowers": "2470",
  "mixed flowers": "2472",
  "white flowers": "2474",
  "black flowers": "2476",
  "lantadyme": "2481",
  "lantadyme potion unfinished": "2483",
  "grimy lantadyme": "2485",
  "blue d'hide vamb": "2487",
  "red d'hide vamb": "2489",
  "black d'hide vamb": "2491",
  "blue d'hide chaps": "2493",
  "red d'hide chaps": "2495",
  "black d'hide chaps": "2497",
  "blue d'hide body": "2499",
  "red d'hide body": "2501",
  "black d'hide body": "2503",
  "blue dragon leather": "2505",
  "red dragon leather": "2507",
  "black dragon leather": "2509",
  "brown toy horsey": "2520",
  "white toy horsey": "2522",
  "black toy horsey": "2524",
  "grey toy horsey": "2526",
  "ring of recoil": "2550",
  "ring of dueling(8)": "2552",
  "ring of forging": "2568",
  "ring of life": "2570",
  "ring of wealth": "2572",
  "ranger boots": "2577",
  "wizard boots": "2579",
  "robin hood hat": "2581",
  "black platebody trimmed": "2583",
  "black platelegs trimmed": "2585",
  "black full helm trimmed": "2587",
  "black kiteshield trimmed": "2589",
  "black platebody gilded": "2591",
  "black platelegs gilded": "2593",
  "black full helm gilded": "2595",
  "black kiteshield gilded": "2597",
  "adamant platebody trimmed": "2599",
  "adamant platelegs trimmed": "2601",
  "adamant kiteshield trimmed": "2603",
  "adamant full helm trimmed": "2605",
  "adamant platebody gilded": "2607",
  "adamant platelegs gilded": "2609",
  "adamant kiteshield gilded": "2611",
  "adamant full helm gilded": "2613",
  "rune platebody gilded": "2615",
  "rune platelegs gilded": "2617",
  "rune full helm gilded": "2619",
  "rune kiteshield gilded": "2621",
  "rune platebody trimmed": "2623",
  "rune platelegs trimmed": "2625",
  "rune full helm trimmed": "2627",
  "rune kiteshield trimmed": "2629",
  "highwayman mask": "2631",
  "blue beret": "2633",
  "black beret": "2635",
  "white beret": "2637",
  "tan cavalier": "2639",
  "dark cavalier": "2641",
  "black cavalier": "2643",
  "red headband": "2645",
  "black headband": "2647",
  "brown headband": "2649",
  "pirate's hat": "2651",
  "zamorak platebody": "2653",
  "zamorak platelegs": "2655",
  "zamorak full helm": "2657",
  "zamorak kiteshield": "2659",
  "saradomin platebody": "2661",
  "saradomin platelegs": "2663",
  "saradomin full helm": "2665",
  "saradomin kiteshield": "2667",
  "guthix platebody": "2669",
  "guthix platelegs": "2671",
  "guthix full helm": "2673",
  "guthix kiteshield": "2675",
  "wolf bones": "2859",
  "wolfbone arrowtips": "2861",
  "achey tree logs": "2862",
  "ogre arrow shaft": "2864",
  "flighted ogre arrow": "2865",
  "ogre arrow": "2866",
  "raw chompy": "2876",
  "cooked chompy": "7228",
  "elemental shield": "2890",
  "grey boots": "2894",
  "grey robe top": "2896",
  "grey robe bottoms": "2898",
  "grey hat": "2900",
  "grey gloves": "2902",
  "red boots": "2904",
  "red robe top": "2906",
  "red robe bottoms": "2908",
  "red hat": "2910",
  "red gloves": "2912",
  "yellow boots": "2914",
  "yellow robe top": "2916",
  "yellow robe bottoms": "2918",
  "yellow hat": "2920",
  "yellow gloves": "2922",
  "teal boots": "2924",
  "teal robe top": "2926",
  "teal robe bottoms": "2928",
  "teal hat": "2930",
  "teal gloves": "2932",
  "purple boots": "2934",
  "purple robe top": "2936",
  "purple robe bottoms": "2938",
  "purple hat": "2940",
  "purple gloves": "2942",
  "moonlight mead": "2955",
  "silver sickle": "2961",
  "mort myre fungus": "2970",
  "mort myre stem": "2972",
  "mort myre pear": "2974",
  "sickle mould": "2976",
  "pirate's hook": "2997",
  "toadflax": "2998",
  "snapdragon": "3000",
  "toadflax potion unfinished": "3002",
  "snapdragon potion unfinished": "3004",
  "energy potion(4)": "3008",
  "energy potion(3)": "3010",
  "energy potion(2)": "3012",
  "energy potion(1)": "3014",
  "super energy(4)": "3016",
  "super energy(3)": "3018",
  "super energy(2)": "3020",
  "super energy(1)": "3022",
  "super restore(4)": "3024",
  "super restore(3)": "3026",
  "super restore(2)": "3028",
  "super restore(1)": "3030",
  "agility potion(4)": "3032",
  "agility potion(3)": "3034",
  "agility potion(2)": "3036",
  "agility potion(1)": "3038",
  "magic potion(4)": "3040",
  "magic potion(3)": "3042",
  "magic potion(2)": "3044",
  "magic potion(1)": "3046",
  "grimy toadflax": "3049",
  "grimy snapdragon": "3051",
  "lava battlestaff": "3053",
  "mystic lava staff": "3054",
  "black dart": "3093",
  "black dart poison": "3094",
  "bronze claws": "3095",
  "iron claws": "3096",
  "steel claws": "3097",
  "black claws": "3098",
  "mithril claws": "3099",
  "adamant claws": "3100",
  "rune claws": "3101",
  "climbing boots": "3105",
  "spiked boots": "3107",
  "granite shield": "3122",
  "shaikahan bones": "3123",
  "jogre bones": "3125",
  "potato cactus": "3138",
  "dragon chainbody": "3140",
  "raw karambwan": "3142",
  "cooked karambwan": "3144",
  "karambwan vessel": "3159",
  "sliced banana": "3162",
  "monkey bones": "3183",
  "cleaning cloth": "3188",
  "bronze halberd": "3190",
  "iron halberd": "3192",
  "steel halberd": "3194",
  "black halberd": "3196",
  "mithril halberd": "3198",
  "adamant halberd": "3200",
  "rune halberd": "3202",
  "dragon halberd": "3204",
  "limestone": "3211",
  "barrel": "3216",
  "raw rabbit": "3226",
  "cooked rabbit": "3228",
  "bark": "3239",
  "vampire dust": "3325",
  "myre snelm": "3337",
  "blood'n'tar snelm": "3339",
  "ochre snelm": "3341",
  "bruise blue snelm": "3343",
  "broken bark snelm": "3335",
  "blamish myre shell": "3355",
  "blamish red shell": "3357",
  "blamish ochre shell": "3359",
  "blamish blue shell": "3361",
  "blamish bark shell": "3353",
  "thin snail": "3363",
  "lean snail": "3365",
  "fat snail": "3367",
  "thin snail meat": "3369",
  "lean snail meat": "3371",
  "fat snail meat": "3373",
  "raw slimy eel": "3379",
  "cooked slimy eel": "3381",
  "splitbark helm": "3385",
  "splitbark body": "3387",
  "splitbark legs": "3389",
  "splitbark gauntlets": "3391",
  "splitbark boots": "3393",
  "loar remains": "3396",
  "phrin remains": "3398",
  "riyl remains": "3400",
  "asyn remains": "3402",
  "fiyr remains": "3404",
  "unfinished potion": "3406",
  "serum 207 (4)": "3408",
  "serum 207 (3)": "3410",
  "serum 207 (2)": "3412",
  "serum 207 (1)": "3414",
  "limestone brick": "3420",
  "olive oil(4)": "3422",
  "olive oil(3)": "3424",
  "olive oil(2)": "3426",
  "olive oil(1)": "3428",
  "sacred oil(4)": "3430",
  "sacred oil(3)": "3432",
  "sacred oil(2)": "3434",
  "sacred oil(1)": "3436",
  "pyre logs": "3438",
  "oak pyre logs": "3440",
  "willow pyre logs": "3442",
  "maple pyre logs": "3444",
  "yew pyre logs": "3446",
  "magic pyre logs": "3448",
  "fine cloth": "3470",
  "black plateskirt trimmed": "3472",
  "black plateskirt gilded": "3473",
  "adamant plateskirt trimmed": "3474",
  "adamant plateskirt gilded": "3475",
  "rune plateskirt gilded": "3476",
  "rune plateskirt trimmed": "3477",
  "zamorak plateskirt": "3478",
  "saradomin plateskirt": "3479",
  "guthix plateskirt": "3480",
  "gilded platebody": "3481",
  "gilded platelegs": "3483",
  "gilded plateskirt": "3485",
  "gilded full helm": "3486",
  "gilded kiteshield": "3488",
  "flamtaer hammer": "3678",
  "archer helm": "3749",
  "berserker helm": "3751",
  "warrior helm": "3753",
  "farseer helm": "3755",
  "fremennik cyan cloak": "3759",
  "fremennik brown cloak": "3761",
  "fremennik blue cloak": "3763",
  "fremennik green cloak": "3765",
  "fremennik brown shirt": "3767",
  "fremennik grey shirt": "3769",
  "fremennik beige shirt": "3771",
  "fremennik red shirt": "3773",
  "fremennik blue shirt": "3775",
  "fremennik red cloak": "3777",
  "fremennik grey cloak": "3779",
  "fremennik yellow cloak": "3781",
  "fremennik teal cloak": "3783",
  "fremennik purple cloak": "3785",
  "fremennik pink cloak": "3787",
  "fremennik black cloak": "3789",
  "fremennik boots": "3791",
  "fremennik robe": "3793",
  "fremennik skirt": "3795",
  "fremennik hat": "3797",
  "fremennik gloves": "3799",
  "keg of beer": "3801",
  "beer tankard": "3803",
  "saradomin page 1": "3827",
  "saradomin page 2": "3828",
  "saradomin page 3": "3829",
  "saradomin page 4": "3830",
  "zamorak page 1": "3831",
  "zamorak page 2": "3832",
  "zamorak page 3": "3833",
  "zamorak page 4": "3834",
  "guthix page 1": "3835",
  "guthix page 2": "3836",
  "guthix page 3": "3837",
  "guthix page 4": "3838",
  "games necklace(8)": "3853",
  "monkey nuts": "4012",
  "monkey bar": "4014",
  "banana stew": "4016",
  "dragon platelegs": "4087",
  "mystic hat": "4089",
  "mystic robe top": "4091",
  "mystic robe bottom": "4093",
  "mystic gloves": "4095",
  "mystic boots": "4097",
  "mystic hat (dark)": "4099",
  "mystic robe top (dark)": "4101",
  "mystic robe bottom (dark)": "4103",
  "mystic gloves (dark)": "4105",
  "mystic boots (dark)": "4107",
  "mystic hat (light)": "4109",
  "mystic robe top (light)": "4111",
  "mystic robe bottom (light)": "4113",
  "mystic gloves (light)": "4115",
  "mystic boots (light)": "4117",
  "bronze boots": "4119",
  "iron boots": "4121",
  "steel boots": "4123",
  "black boots": "4125",
  "mithril boots": "4127",
  "adamant boots": "4129",
  "rune boots": "4131",
  "abyssal whip": "4151",
  "granite maul": "4153",
  "mirror shield": "4156",
  "bag of salt": "4161",
  "rock hammer": "4162",
  "facemask": "4164",
  "earmuffs": "4166",
  "nose peg": "4168",
  "slayer's staff": "4170",
  "crystal seed": "4207",
  "new crystal bow": "4212",
  "new crystal shield": "4224",
  "ham shirt": "4298",
  "ham robe": "4300",
  "ham hood": "4302",
  "ham cloak": "4304",
  "ham logo": "4306",
  "ham gloves": "4308",
  "ham boots": "4310",
  "team-1 cape": "4315",
  "team-2 cape": "4317",
  "team-3 cape": "4319",
  "team-4 cape": "4321",
  "team-5 cape": "4323",
  "team-6 cape": "4325",
  "team-7 cape": "4327",
  "team-8 cape": "4329",
  "team-9 cape": "4331",
  "team-10 cape": "4333",
  "team-11 cape": "4335",
  "team-12 cape": "4337",
  "team-13 cape": "4339",
  "team-14 cape": "4341",
  "team-15 cape": "4343",
  "team-16 cape": "4345",
  "team-17 cape": "4347",
  "team-18 cape": "4349",
  "team-19 cape": "4351",
  "team-20 cape": "4353",
  "team-21 cape": "4355",
  "team-22 cape": "4357",
  "team-23 cape": "4359",
  "team-24 cape": "4361",
  "team-25 cape": "4363",
  "team-26 cape": "4365",
  "team-27 cape": "4367",
  "team-28 cape": "4369",
  "team-29 cape": "4371",
  "team-30 cape": "4373",
  "team-31 cape": "4375",
  "team-32 cape": "4377",
  "team-33 cape": "4379",
  "team-34 cape": "4381",
  "team-35 cape": "4383",
  "team-36 cape": "4385",
  "team-37 cape": "4387",
  "team-38 cape": "4389",
  "team-39 cape": "4391",
  "team-40 cape": "4393",
  "team-41 cape": "4395",
  "team-42 cape": "4397",
  "team-43 cape": "4399",
  "team-44 cape": "4401",
  "team-45 cape": "4403",
  "team-46 cape": "4405",
  "team-47 cape": "4407",
  "team-48 cape": "4409",
  "team-49 cape": "4411",
  "team-50 cape": "4413",
  "guthix rest(4)": "4417",
  "guthix rest(3)": "4419",
  "guthix rest(2)": "4421",
  "guthix rest(1)": "4423",
  "airtight pot": "4436",
  "unfired pot lid": "4438",
  "pot lid": "4440",
  "bowl of hot water": "4456",
  "cup of water": "4458",
  "cup of hot water": "4460",
  "giant frog legs": "4517",
  "oil lamp": "4522",
  "empty oil lamp": "4525",
  "empty candle lantern": "4527",
  "candle lantern": "4532",
  "empty oil lantern": "4535",
  "oil lantern": "4537",
  "oil lantern frame": "4540",
  "lantern lens": "4542",
  "bullseye lantern unfinished": "4544",
  "bullseye lantern (empty)": "4546",
  "bullseye lantern": "4548",
  "spiny helmet": "4551",
  "black spear": "4580",
  "black spear poison": "4582",
  "dragon plateskirt": "4585",
  "dragon scimitar": "4587",
  "kharidian headpiece": "4591",
  "fake beard": "4593",
  "karidian disguise": "4595",
  "willow blackjack": "4600",
  "super kebab": "4608",
  "bandit's brew": "4627",
  "garlic powder": "4668",
  "ancient staff": "4675",
  "linen": "4684",
  "bucket of sap": "4687",
  "pile of salt": "4689",
  "steam rune": "4694",
  "mist rune": "4695",
  "dust rune": "4696",
  "smoke rune": "4697",
  "mud rune": "4698",
  "lava rune": "4699",
  "ahrim's hood": "4708",
  "ahrim's staff": "4710",
  "ahrim's robetop": "4712",
  "ahrim's robeskirt": "4714",
  "dharok's helm": "4716",
  "dharok's greataxe": "4718",
  "dharok's platebody": "4720",
  "dharok's platelegs": "4722",
  "guthan's helm": "4724",
  "guthan's warspear": "4726",
  "guthan's platebody": "4728",
  "guthan's chainskirt": "4730",
  "karil's coif": "4732",
  "karil's crossbow": "4734",
  "karil's leathertop": "4736",
  "karil's leatherskirt": "4738",
  "bolt rack": "4740",
  "torag's helm": "4745",
  "torag's hammers": "4747",
  "torag's platebody": "4749",
  "torag's platelegs": "4751",
  "verac's helm": "4753",
  "verac's flail": "4755",
  "verac's brassard": "4757",
  "verac's plateskirt": "4759",
  "bronze brutal": "4773",
  "iron brutal": "4778",
  "steel brutal": "4783",
  "black brutal": "4788",
  "mithril brutal": "4793",
  "adamant brutal": "4798",
  "rune brutal": "4803",
  "zogre bones": "4812",
  "bronze nails": "4819",
  "iron nails": "4820",
  "black nails": "4821",
  "mithril nails": "4822",
  "adamantite nails": "4823",
  "rune nails": "4824",
  "unstrung comp bow": "4825",
  "comp ogre bow": "4827",
  "fayrg bones": "4830",
  "raurg bones": "4832",
  "ourg bones": "4834",
  "relicym's balm(4)": "4842",
  "relicym's balm(3)": "4844",
  "relicym's balm(2)": "4846",
  "relicym's balm(1)": "4848",
  "ogre coffin key": "4850",
  "ahrim's hood 0": "4860",
  "ahrim's staff 0": "4866",
  "ahrim's robetop 0": "4872",
  "ahrim's robeskirt 0": "4878",
  "dharok's helm 0": "4884",
  "dharok's greataxe 0": "4890",
  "dharok's platebody 0": "4896",
  "dharok's platelegs 0": "4902",
  "guthan's helm 0": "4908",
  "guthan's warspear 0": "4914",
  "guthan's platebody 0": "4920",
  "guthan's chainskirt 0": "4926",
  "karil's coif 0": "4932",
  "karil's crossbow 0": "4938",
  "karil's leathertop 0": "4944",
  "karil's leatherskirt 0": "4950",
  "torag's helm 0": "4956",
  "torag's hammers 0": "4962",
  "torag's platebody 0": "4968",
  "torag's platelegs 0": "4974",
  "verac's helm 0": "4980",
  "verac's flail 0": "4986",
  "verac's brassard 0": "4992",
  "verac's plateskirt 0": "4998",
  "raw cave eel": "5001",
  "cave eel": "5003",
  "mining helmet": "5014",
  "bone spear": "5016",
  "bone club": "5018",
  "woven top": "5028",
  "shirt": "5034",
  "trousers": "5040",
  "shorts": "5046",
  "skirt": "5052",
  "marigold seed": "5096",
  "rosemary seed": "5097",
  "nasturtium seed": "5098",
  "woad seed": "5099",
  "limpwurt seed": "5100",
  "redberry seed": "5101",
  "cadavaberry seed": "5102",
  "dwellberry seed": "5103",
  "jangerberry seed": "5104",
  "whiteberry seed": "5105",
  "poison ivy seed": "5106",
  "cactus seed": "5280",
  "belladonna seed": "5281",
  "mushroom spore": "5282",
  "apple tree seed": "5283",
  "banana tree seed": "5284",
  "orange tree seed": "5285",
  "curry tree seed": "5286",
  "pineapple seed": "5287",
  "papaya tree seed": "5288",
  "palm tree seed": "5289",
  "calquat tree seed": "5290",
  "guam seed": "5291",
  "marrentill seed": "5292",
  "tarromin seed": "5293",
  "harralander seed": "5294",
  "ranarr seed": "5295",
  "toadflax seed": "5296",
  "irit seed": "5297",
  "avantoe seed": "5298",
  "kwuarm seed": "5299",
  "snapdragon seed": "5300",
  "cadantine seed": "5301",
  "lantadyme seed": "5302",
  "dwarf weed seed": "5303",
  "torstol seed": "5304",
  "barley seed": "5305",
  "jute seed": "5306",
  "hammerstone seed": "5307",
  "asgarnian seed": "5308",
  "yanillian seed": "5309",
  "krandorian seed": "5310",
  "wildblood seed": "5311",
  "acorn": "5312",
  "willow seed": "5313",
  "maple seed": "5314",
  "yew seed": "5315",
  "magic seed": "5316",
  "potato seed": "5318",
  "onion seed": "5319",
  "sweetcorn seed": "5320",
  "watermelon seed": "5321",
  "tomato seed": "5322",
  "strawberry seed": "5323",
  "cabbage seed": "5324",
  "gardening trowel": "5325",
  "secateurs": "5329",
  "watering can": "5331",
  "rake": "5341",
  "seed dibber": "5343",
  "gardening boots": "5345",
  "empty plant pot": "5350",
  "unfired plant pot": "5352",
  "filled plant pot": "5354",
  "oak sapling": "5370",
  "willow sapling": "5371",
  "maple sapling": "5372",
  "yew sapling": "5373",
  "magic sapling": "5374",
  "basket": "5376",
  "apples(5)": "5386",
  "oranges(5)": "5396",
  "strawberries(5)": "5406",
  "bananas(5)": "5416",
  "empty sack": "5418",
  "potatoes(10)": "5438",
  "onions(10)": "5458",
  "cabbages(10)": "5478",
  "apple sapling": "5496",
  "banana sapling": "5497",
  "orange sapling": "5498",
  "curry sapling": "5499",
  "pineapple sapling": "5500",
  "papaya sapling": "5501",
  "palm sapling": "5502",
  "calquat sapling": "5503",
  "strawberry": "5504",
  "elemental talisman": "5516",
  "binding necklace": "5521",
  "tiara mould": "5523",
  "tiara": "5525",
  "air tiara": "5527",
  "mind tiara": "5529",
  "water tiara": "5531",
  "body tiara": "5533",
  "earth tiara": "5535",
  "fire tiara": "5537",
  "cosmic tiara": "5539",
  "nature tiara": "5541",
  "chaos tiara": "5543",
  "death tiara": "5547",
  "initiate sallet": "5574",
  "initiate hauberk": "5575",
  "initiate cuisse": "5576",
  "bronze arrow poison plus": "5616",
  "iron arrow poison plus": "5617",
  "steel arrow poison plus": "5618",
  "mithril arrow poison plus": "5619",
  "adamant arrow poison plus": "5620",
  "rune arrow poison plus": "5621",
  "bronze arrow poison plus plus": "5622",
  "iron arrow poison plus plus": "5623",
  "steel arrow poison plus plus": "5624",
  "mithril arrow poison plus plus": "5625",
  "adamant arrow poison plus plus": "5626",
  "rune arrow poison plus plus": "5627",
  "bronze dart poison plus": "5628",
  "iron dart poison plus": "5629",
  "steel dart poison plus": "5630",
  "black dart poison plus": "5631",
  "mithril dart poison plus": "5632",
  "adamant dart poison plus": "5633",
  "rune dart poison plus": "5634",
  "bronze dart poison plus plus": "5635",
  "iron dart poison plus plus": "5636",
  "steel dart poison plus plus": "5637",
  "black dart poison plus plus": "5638",
  "mithril dart poison plus plus": "5639",
  "adamant dart poison plus plus": "5640",
  "rune dart poison plus plus": "5641",
  "bronze javelin poison plus": "5642",
  "iron javelin poison plus": "5643",
  "steel javelin poison plus": "5644",
  "mithril javelin poison plus": "5645",
  "adamant javelin poison plus": "5646",
  "rune javelin poison plus": "5647",
  "bronze javelin poison plus plus": "5648",
  "iron javelin poison plus plus": "5649",
  "steel javelin poison plus plus": "5650",
  "mithril javelin poison plus plus": "5651",
  "adamant javelin poison plus plus": "5652",
  "rune javelin poison plus plus": "5653",
  "bronze knife poison plus": "5654",
  "iron knife poison plus": "5655",
  "steel knife poison plus": "5656",
  "mithril knife poison plus": "5657",
  "black knife poison plus": "5658",
  "adamant knife poison plus": "5659",
  "rune knife poison plus": "5660",
  "bronze knife poison plus plus": "5661",
  "iron knife poison plus plus": "5662",
  "steel knife poison plus plus": "5663",
  "mithril knife poison plus plus": "5664",
  "black knife poison plus plus": "5665",
  "adamant knife poison plus plus": "5666",
  "rune knife poison plus plus": "5667",
  "iron dagger poison plus": "5668",
  "bronze dagger poison plus": "5670",
  "steel dagger poison plus": "5672",
  "mithril dagger poison plus": "5674",
  "adamant dagger poison plus": "5676",
  "rune dagger poison plus": "5678",
  "dragon dagger poison plus": "5680",
  "black dagger poison plus": "5682",
  "iron dagger poison plus plus": "5686",
  "bronze dagger poison plus plus": "5688",
  "steel dagger poison plus plus": "5690",
  "mithril dagger poison plus plus": "5692",
  "adamant dagger poison plus plus": "5694",
  "rune dagger poison plus plus": "5696",
  "dragon dagger poison plus plus": "5698",
  "black dagger poison plus plus": "5700",
  "bronze spear poison plus": "5704",
  "iron spear poison plus": "5706",
  "steel spear poison plus": "5708",
  "mithril spear poison plus": "5710",
  "adamant spear poison plus": "5712",
  "rune spear poison plus": "5714",
  "dragon spear poison plus": "5716",
  "bronze spear poison plus plus": "5718",
  "iron spear poison plus plus": "5720",
  "steel spear poison plus plus": "5722",
  "mithril spear poison plus plus": "5724",
  "adamant spear poison plus plus": "5726",
  "rune spear poison plus plus": "5728",
  "dragon spear poison plus plus": "5730",
  "black spear poison plus": "5734",
  "black spear poison plus plus": "5736",
  "asgarnian ale(m)": "5739",
  "mature wmb": "5741",
  "greenman's ale(m)": "5743",
  "dragon bitter(m)": "5745",
  "dwarven stout(m)": "5747",
  "moonlight mead(m)": "5749",
  "axeman's folly": "5751",
  "axeman's folly(m)": "5753",
  "chef's delight": "8526",
  "chef's delight(m)": "5757",
  "slayer's respite": "5759",
  "slayer's respite(m)": "5761",
  "cider": "5763",
  "mature cider": "5765",
  "ale yeast": "5767",
  "calquat keg": "5769",
  "dwarven stout(4)": "5777",
  "asgarnian ale(4)": "5785",
  "greenmans ale(4)": "5793",
  "mind bomb(4)": "5801",
  "dragon bitter(4)": "5809",
  "moonlight mead(4)": "5817",
  "axeman's folly(4)": "5825",
  "chef's delight(4)": "5833",
  "slayer's respite(4)": "5841",
  "cider(4)": "5849",
  "dwarven stout(m4)": "5857",
  "asgarnian ale(m4)": "5865",
  "greenmans ale(m4)": "5873",
  "mind bomb(m4)": "5881",
  "dragon bitter(m4)": "5889",
  "moonlight mead(m4)": "5897",
  "axeman's folly(m4)": "5905",
  "chef's delight(m4)": "5913",
  "slayer respite(m4)": "5921",
  "cider(m4)": "5929",
  "jute fibre": "5931",
  "willow branch": "5933",
  "coconut milk": "5935",
  "weapon poison(+)": "5937",
  "weapon poison(++)": "5940",
  "antidote+(4)": "5943",
  "antidote+(3)": "5945",
  "antidote+(2)": "5947",
  "antidote+(1)": "5949",
  "antidote++(4)": "5952",
  "antidote++(3)": "5954",
  "antidote++(2)": "5956",
  "antidote++(1)": "5958",
  "tomatoes(5)": "5968",
  "curry leaf": "5970",
  "papaya fruit": "5972",
  "coconut": "5974",
  "calquat fruit": "5980",
  "watermelon": "5982",
  "watermelon slice": "5984",
  "sweetcorn": "7088",
  "cooked sweetcorn": "5988",
  "apple mush": "5992",
  "hammerstone hops": "5994",
  "asgarnian hops": "5996",
  "yanillian hops": "5998",
  "krandorian hops": "6000",
  "wildblood hops": "6002",
  "mushroom": "6004",
  "barley": "6006",
  "barley malt": "6008",
  "marigolds": "6010",
  "nasturtiums": "6012",
  "rosemary": "6014",
  "cactus spine": "6016",
  "poison ivy berries": "6018",
  "compost": "6032",
  "supercompost": "6034",
  "plant cure": "6036",
  "magic string": "6038",
  "oak roots": "6043",
  "willow roots": "6045",
  "maple roots": "6047",
  "yew roots": "6049",
  "magic roots": "6051",
  "weeds": "6055",
  "bronze bolts poison plus": "6061",
  "bronze bolts poison plus plus": "6062",
  "rock-shell helm": "6128",
  "rock-shell plate": "6129",
  "rock-shell legs": "6130",
  "spined helm": "6131",
  "spined body": "6133",
  "spined chaps": "6135",
  "skeletal helm": "6137",
  "skeletal top": "6139",
  "skeletal bottoms": "6141",
  "spined boots": "6143",
  "rock-shell boots": "6145",
  "skeletal boots": "6147",
  "spined gloves": "6149",
  "rock-shell gloves": "6151",
  "skeletal gloves": "6153",
  "dagannoth hide": "6155",
  "rock-shell chunk": "6157",
  "rock-shell shard": "6159",
  "rock-shell splinter": "6161",
  "skull piece": "6163",
  "ribcage piece": "6165",
  "fibula piece": "6167",
  "circular hide": "6169",
  "flattened hide": "6171",
  "stretched hide": "6173",
  "teak pyre logs": "6211",
  "mahogany pyre log": "6213",
  "broodoo shield (10)": "6259",
  "broodoo shield": "6279",
  "thatch spar light": "6281",
  "thatch spar med": "6283",
  "thatch spar dense": "6285",
  "snake hide": "7801",
  "snakeskin": "6289",
  "spider carcass": "6291",
  "spider on stick": "6297",
  "spider on shaft": "6299",
  "skewer stick": "6305",
  "trading sticks": "6306",
  "gout tuber": "6311",
  "opal machete": "6313",
  "jade machete": "6315",
  "red topaz machete": "6317",
  "proboscis": "6319",
  "snakeskin body": "6322",
  "snakeskin chaps": "6324",
  "snakeskin bandana": "6326",
  "snakeskin boots": "6328",
  "snakeskin vambraces": "6330",
  "mahogany logs": "6332",
  "teak logs": "6333",
  "tribal mask": "6339",
  "tribal top": "6371",
  "villager robe": "6373",
  "villager hat": "6375",
  "villager armband": "6379",
  "villager sandals": "6377",
  "fez": "6382",
  "desert top": "6388",
  "desert robes": "6386",
  "desert legs": "6390",
  "menaphite purple hat": "6392",
  "menaphite purple top": "6394",
  "menaphite purple robe": "6396",
  "menaphite purple kilt": "6398",
  "menaphite red hat": "6400",
  "menaphite red top": "6402",
  "menaphite red robe": "6404",
  "menaphite red kilt": "6406",
  "oak blackjack(o)": "6408",
  "oak blackjack(d)": "6410",
  "willow blackjack(o)": "6412",
  "willow blackjack(d)": "6414",
  "maple blackjack": "6416",
  "maple blackjack(o)": "6418",
  "maple blackjack(d)": "6420",
  "compost potion(4)": "6470",
  "compost potion(3)": "6472",
  "compost potion(2)": "6474",
  "compost potion(1)": "6476",
  "toktz-xil-ul": "6522",
  "toktz-xil-ak": "6523",
  "toktz-ket-xil": "6524",
  "toktz-xil-ek": "6525",
  "toktz-mej-tal": "6526",
  "tzhaar-ket-em": "6527",
  "tzhaar-ket-om": "6528",
  "mud battlestaff": "6562",
  "mystic mud staff": "6563",
  "obsidian cape": "6568",
  "uncut onyx": "6571",
  "onyx": "6573",
  "onyx ring": "6575",
  "onyx necklace": "6577",
  "onyx amulet unstrung": "6579",
  "onyx amulet": "6581",
  "ring of stone": "6583",
  "amulet of fury": "6585",
  "white claws": "6587",
  "white battleaxe": "6589",
  "white dagger": "6591",
  "white dagger poison": "6593",
  "white dagger poison plus": "6595",
  "white dagger poison plus plus": "6597",
  "white halberd": "6599",
  "white mace": "6601",
  "white magic staff": "6603",
  "white sword": "6605",
  "white longsword": "6607",
  "white 2h sword": "6609",
  "white scimitar": "6611",
  "white warhammer": "6613",
  "white chainbody": "6615",
  "white platebody": "6617",
  "white boots": "6619",
  "white med helm": "6621",
  "white full helm": "6623",
  "white platelegs": "6625",
  "white plateskirt": "6627",
  "white gloves": "6629",
  "white sq shield": "6631",
  "white kiteshield": "6633",
  "empty fishbowl": "6667",
  "ground guam": "6681",
  "saradomin brew(4)": "6685",
  "saradomin brew(3)": "6687",
  "saradomin brew(2)": "6689",
  "saradomin brew(1)": "6691",
  "crushed nest": "6693",
  "pat of butter": "6697",
  "baked potato": "6701",
  "potato with butter": "6703",
  "potato with cheese": "6705",
  "seercull": "6724",
  "dagannoth bones": "6729",
  "seers ring": "6731",
  "archers ring": "6733",
  "warrior ring": "6735",
  "berserker ring": "6737",
  "dragon axe": "6739",
  "black desert shirt": "6750",
  "black desert robe": "6752",
  "guthix mjolnir": "6760",
  "saradomin mjolnir": "6762",
  "zamorak mjolnir": "6764",
  "choc-ice": "6794",
  "granite legs": "6809",
  "wyvern bones": "6812",
  "fur": "6814",
  "mage's book": "6889",
  "arena book": "6891",
  "beginner wand": "6908",
  "apprentice wand": "6910",
  "teacher wand": "6912",
  "master wand": "6914",
  "infinity top": "6916",
  "infinity hat": "6918",
  "infinity boots": "6920",
  "infinity gloves": "6922",
  "infinity bottoms": "6924",
  "pink cape": "6959",
  "triangle sandwich": "6962",
  "sandstone (1kg)": "6971",
  "sandstone (2kg)": "6973",
  "sandstone (5kg)": "6975",
  "sandstone (10kg)": "6977",
  "granite (500g)": "6979",
  "granite (2kg)": "6981",
  "granite (5kg)": "6983",
  "unlit bug lantern": "7051",
  "chilli potato": "7054",
  "egg potato": "7056",
  "mushroom potato": "7058",
  "tuna potato": "7060",
  "chilli con carne": "7062",
  "egg and tomato": "7064",
  "mushroom & onion": "7066",
  "tuna and corn": "7068",
  "minced meat": "7070",
  "spicy sauce": "7072",
  "chopped garlic": "7074",
  "uncooked egg": "7076",
  "scrambled egg": "7078",
  "sliced mushrooms": "7080",
  "fried mushrooms": "7082",
  "fried onions": "7084",
  "chopped tuna": "7086",
  "stripy pirate shirt": "7134",
  "pirate bandana": "7136",
  "pirate boots": "7114",
  "pirate leggings": "7138",
  "dragon 2h sword": "7158",
  "insulated boots": "7159",
  "pie recipe book": "7162",
  "raw mud pie": "7168",
  "mud pie": "7170",
  "raw garden pie": "7176",
  "garden pie": "7178",
  "raw fish pie": "7186",
  "fish pie": "7188",
  "raw admiral pie": "7196",
  "admiral pie": "7198",
  "raw wild pie": "7206",
  "wild pie": "7208",
  "raw summer pie": "7216",
  "summer pie": "7218",
  "roast rabbit": "7223",
  "iron spit": "7225",
  "red boater": "7319",
  "orange boater": "7321",
  "green boater": "7323",
  "blue boater": "7325",
  "black boater": "7327",
  "red firelighter": "7329",
  "green firelighter": "7330",
  "blue firelighter": "7331",
  "black shield (h1)": "7332",
  "adamant shield (h1)": "7334",
  "rune shield (h1)": "7336",
  "black shield (h2)": "7338",
  "adamant shield (h2)": "7340",
  "rune shield (h2)": "7342",
  "black shield (h3)": "7344",
  "adamant shield (h3)": "7346",
  "rune shield (h3)": "7348",
  "black shield (h4)": "7350",
  "adamant shield (h4)": "7352",
  "rune shield (h4)": "7354",
  "black shield (h5)": "7356",
  "adamant shield (h5)": "7358",
  "rune shield (h5)": "7360",
  "studded body gilded": "7362",
  "studded body trimmed": "7364",
  "studded chaps gilded": "7366",
  "studded chaps trimmed": "7368",
  "green d'hide body gilded": "7370",
  "green d'hide body trimmed": "7372",
  "blue d'hide body gilded": "7374",
  "blue d'hide body trimmed": "7376",
  "green d'hide chaps gilded": "7378",
  "green d'hide chaps trimmed": "7380",
  "blue d'hide chaps gilded": "7382",
  "blue d'hide chaps trimmed": "7384",
  "blue skirt gilded": "7386",
  "blue skirt trimmed": "7388",
  "blue wizard robe gilded": "7390",
  "blue wizard robe trimmed": "7392",
  "blue wizard hat gilded": "7394",
  "blue wizard hat trimmed": "7396",
  "enchanted robe": "7398",
  "enchanted top": "7399",
  "enchanted hat": "7400",
  "mole claw": "7416",
  "mole skin": "7418",
  "wooden spoon": "7433",
  "egg whisk": "7435",
  "spork": "7437",
  "spatula": "7439",
  "frying pan": "7441",
  "skewer": "7443",
  "rolling pin": "7445",
  "kitchen knife": "7447",
  "meat tenderiser": "7449",
  "cleaver": "7451",
  "cornflour": "7466",
  "pot of cornflour": "7468",
  "cooked crab meat": "7521",
  "raw jubbly": "7566",
  "cooked jubbly": "7568",
  "silver dust": "7650",
  "guthix balance(4)": "7660",
  "guthix balance(3)": "7662",
  "guthix balance(2)": "7664",
  "guthix balance(1)": "7666",
  "gadderhammer": "7668",
  "toy soldier": "7759",
  "toy soldier (wound)": "7761",
  "toy doll": "7763",
  "toy doll (wound)": "7765",
  "toy mouse": "7767",
  "toy mouse (wound)": "7769",
  "toy cat": "7771",
  "bottle of wine": "7919",
  "pure essence": "7936",
  "tortoise shell": "7939",
  "raw monkfish": "7944",
  "monkfish": "7946",
  "varrock teleport": "8007",
  "lumbridge teleport": "8008",
  "falador teleport": "8009",
  "camelot teleport": "8010",
  "ardougne teleport": "8011",
  "watchtower teleport": "8012",
  "teleport to house": "8013",
  "bones to bananas": "8014",
  "bones to peaches": "8015",
  "enchant sapphire": "8016",
  "enchant emerald": "8017",
  "enchant ruby": "8018",
  "enchant diamond": "8019",
  "enchant dragonstn.": "8020",
  "enchant onyx": "8021",
  "bagged dead tree": "8417",
  "bagged nice tree": "8419",
  "bagged oak tree": "8421",
  "bagged willow tree": "8423",
  "bagged maple tree": "8425",
  "bagged yew tree": "8427",
  "bagged magic tree": "8429",
  "bagged plant 1": "8431",
  "bagged plant 2": "8433",
  "bagged plant 3": "8435",
  "thorny hedge": "8437",
  "nice hedge": "8439",
  "small box hedge": "8441",
  "topiary hedge": "8443",
  "fancy hedge": "8445",
  "tall fancy hedge": "8447",
  "tall box hedge": "8449",
  "bagged flower": "8451",
  "bagged daffodils": "8453",
  "bagged bluebells": "8455",
  "bagged sunflower": "8457",
  "bagged marigolds": "8459",
  "bagged roses": "8461",
  "crude chair": "8496",
  "wooden chair": "8498",
  "rocking chair": "8500",
  "oak chair": "8502",
  "oak armchair": "8504",
  "teak armchair": "8506",
  "mahogany armchair": "8508",
  "bookcase": "8510",
  "oak bookcase": "8512",
  "mahogany bookcase": "8514",
  "beer barrel": "8516",
  "cider barrel": "8518",
  "kitchen table": "8528",
  "oak kitchen table": "8530",
  "teak kitchen table": "8532",
  "wood dining table": "8548",
  "oak dining table": "8550",
  "carved oak table": "8552",
  "teak table": "8554",
  "carved teak table": "8556",
  "mahogany table": "8558",
  "opulent table": "8560",
  "wooden bench": "8562",
  "oak bench": "8564",
  "carved oak bench": "8566",
  "teak dining bench": "8568",
  "carved teak bench": "8570",
  "mahogany bench": "8572",
  "gilded bench": "8574",
  "wooden bed": "8576",
  "oak bed": "8578",
  "large oak bed": "8580",
  "teak bed": "8582",
  "large teak bed": "8584",
  "four-poster bed": "8586",
  "gilded four-poster": "8588",
  "oak clock": "8590",
  "teak clock": "8592",
  "gilded clock": "8594",
  "shaving stand": "8596",
  "oak shaving stand": "8598",
  "oak dresser": "8600",
  "teak dresser": "8602",
  "fancy teak dresser": "8604",
  "mahogany dresser": "8606",
  "gilded dresser": "8608",
  "shoe box": "8610",
  "oak drawers": "8612",
  "oak wardrobe": "8614",
  "teak drawers": "8616",
  "teak wardrobe": "8618",
  "mahogany wardrobe": "8620",
  "gilded wardrobe": "8622",
  "crystal ball": "8624",
  "elemental sphere": "8626",
  "crystal of power": "8628",
  "oak plank": "8778",
  "teak plank": "8780",
  "mahogany plank": "8782",
  "gold leaf": "8784",
  "marble block": "8786",
  "magic stone": "8788",
  "bolt of cloth": "8790",
  "clockwork": "8792",
  "saw": "8794",
  "timber beam": "8837",
  "bone dagger": "8872",
  "bone dagger poison": "8874",
  "bone dagger poison plus": "8876",
  "bone dagger poison plus plus": "8878",
  "dorgeshuun crossbow": "8880",
  "bone bolts": "8882",
  "black mask (10)": "8901",
  "black mask": "8921",
  "bandana eyepatch": "8927",
  "hat eyepatch": "8928",
  "security book": "9003",
  "stronghold notes": "9004",
  "ivory comb": "9026",
  "golden scarab": "9028",
  "stone scarab": "9030",
  "pottery scarab": "9032",
  "golden statuette": "9034",
  "pottery statuette": "9036",
  "stone statuette": "9038",
  "gold seal": "9040",
  "stone seal": "9042",
  "pharaoh's sceptre (3)": "9044",
  "pharaoh's sceptre": "9050",
  "locust meat": "9052",
  "astral rune": "9075",
  "iron bolts": "9140",
  "steel bolts": "9141",
  "mithril bolts": "9142",
  "adamant bolts": "9143",
  "runite bolts": "9144",
  "silver bolts": "9145",
  "bronze crossbow": "9174",
  "iron crossbow": "9177",
  "steel crossbow": "9179",
  "mith crossbow": "9181",
  "adamant crossbow": "9183",
  "rune crossbow": "9185",
  "jade bolt tips": "9187",
  "topaz bolt tips": "9188",
  "sapphire bolt tips": "9189",
  "emerald bolt tips": "9190",
  "ruby bolt tips": "9191",
  "diamond bolt tips": "9192",
  "dragon bolt tips": "9193",
  "onyx bolt tips": "9194",
  "opal bolts enchanted": "9236",
  "pearl bolts enchanted": "9238",
  "topaz bolts enchanted": "9239",
  "sapphire bolts enchanted": "9240",
  "emerald bolts enchanted": "9241",
  "ruby bolts enchanted": "9242",
  "diamond bolts enchanted": "9243",
  "dragon bolts enchanted": "9244",
  "onyx bolts enchanted": "9245",
  "iron bolts poison": "9287",
  "steel bolts poison": "9288",
  "mithril bolts poison": "9289",
  "adamant bolts poison": "9290",
  "runite bolts poison": "9291",
  "silver bolts poison": "9292",
  "iron bolts poison plus": "9294",
  "steel bolts poison plus": "9295",
  "mithril bolts poison plus": "9296",
  "adamant bolts poison plus": "9297",
  "runite bolts poison plus": "9298",
  "silver bolts poison plus": "9299",
  "iron bolts poison plus plus": "9301",
  "steel bolts poison plus plus": "9302",
  "mithril bolts poison plus plus": "9303",
  "adamant bolts poison plus plus": "9304",
  "runite bolts poison plus plus": "9305",
  "silver bolts poison plus plus": "9306",
  "topaz bolts": "9336",
  "sapphire bolts": "9337",
  "emerald bolts": "9338",
  "ruby bolts": "9339",
  "diamond bolts": "9340",
  "dragon bolts": "9341",
  "onyx bolts": "9342",
  "bronze bolts unfinished": "9375",
  "iron bolts unfinished": "9377",
  "steel bolts unfinished": "9378",
  "mithril bolts unfinished": "9379",
  "adamant bolts unfinished": "9380",
  "runite bolts unfinished": "9381",
  "silver bolts unfinished": "9382",
  "mith grapple tip": "9416",
  "mith grapple": "9419",
  "bronze limbs": "9420",
  "iron limbs": "9423",
  "steel limbs": "9425",
  "mithril limbs": "9427",
  "adamantite limbs": "9429",
  "runite limbs": "9431",
  "bolt mould": "9434",
  "sinew": "9436",
  "crossbow string": "9438",
  "wooden stock": "9440",
  "oak stock": "9442",
  "willow stock": "9444",
  "teak stock": "9446",
  "maple stock": "9448",
  "mahogany stock": "9450",
  "yew stock": "9452",
  "bronze crossbow unstrung": "9454",
  "iron crossbow unstrung": "9457",
  "steel crossbow unstrung": "9459",
  "mithril crossbow unstrung": "9461",
  "adamant crossbow unstrung": "9463",
  "runite crossbow unstrung": "9465",
  "grand seed pod": "9469",
  "gnome scarf": "9470",
  "gnome goggles": "9472",
  "mint cake": "9475",
  "tyras helm": "9629",
  "vyrewatch top": "9634",
  "vyrewatch legs": "9636",
  "vyrewatch shoes": "9638",
  "citizen top": "9640",
  "citizen trousers": "9642",
  "citizen shoes": "9644",
  "proselyte harness m": "9666",
  "initiate harness m": "9668",
  "proselyte harness f": "9670",
  "proselyte sallet": "9672",
  "proselyte hauberk": "9674",
  "proselyte cuisse": "9676",
  "proselyte tasset": "9678",
  "elemental helmet": "9729",
  "mind shield": "9731",
  "mind helmet": "9733",
  "desert goat horn": "9735",
  "goat horn dust": "9736",
  "combat potion(4)": "9739",
  "combat potion(3)": "9741",
  "combat potion(2)": "9743",
  "combat potion(1)": "9745",
  "oak cape rack": "9843",
  "teak cape rack": "9844",
  "mahogany cape rack": "9845",
  "gilded cape rack": "9846",
  "marble cape rack": "9847",
  "magic cape rack": "9848",
  "oak toy box": "9849",
  "teak toy box": "9850",
  "mahogany toy box": "9851",
  "oak magic wardrobe": "9852",
  "carved oak magic wardrobe": "9853",
  "teak magic wardrobe": "9854",
  "carved teak magic wardrobe": "9855",
  "mahogany magic wardrobe": "9856",
  "gilded magic wardrobe": "9857",
  "marble magic wardrobe": "9858",
  "oak armour case": "9859",
  "teak armour case": "9860",
  "mahogany armour case": "9861",
  "oak treasure chest": "9862",
  "teak treasure chest": "9863",
  "m. treasure chest": "9864",
  "oak fancy dress box": "9865",
  "teak fancy dress box": "9866",
  "mahogany fancy dress box": "9867",
  "raw bird meat": "9978",
  "roast bird meat": "9980",
  "raw beast meat": "9986",
  "roast beast meat": "9988",
  "spicy tomato": "9994",
  "spicy minced meat": "9996",
  "hunter potion(4)": "9998",
  "hunter potion(3)": "10000",
  "hunter potion(2)": "10002",
  "hunter potion(1)": "10004",
  "bird snare": "10006",
  "box trap": "10008",
  "butterfly net": "10010",
  "butterfly jar": "10012",
  "black warlock": "10014",
  "snowy knight": "10016",
  "sapphire glacialis": "10018",
  "ruby harvest": "10020",
  "magic box": "10025",
  "teasing stick": "10029",
  "rabbit snare": "10031",
  "chinchompa": "10033",
  "red chinchompa": "10034",
  "kyatt legs": "10035",
  "kyatt top": "10037",
  "kyatt hat": "10039",
  "larupia legs": "10041",
  "larupia top": "10043",
  "larupia hat": "10045",
  "graahk legs": "10047",
  "graahk top": "10049",
  "graahk headdress": "10051",
  "wood camo top": "10053",
  "wood camo legs": "10055",
  "jungle camo top": "10057",
  "jungle camo legs": "10059",
  "desert camo top": "10061",
  "desert camo legs": "10063",
  "polar camo top": "10065",
  "polar camo legs": "10067",
  "spotted cape": "10069",
  "spottier cape": "10071",
  "gloves of silence": "10075",
  "spiky vambraces": "10077",
  "green spiky vambs": "10079",
  "blue spiky vambs": "10081",
  "red spiky vambs": "10083",
  "black spiky vambs": "10085",
  "stripy feather": "10087",
  "red feather": "10088",
  "blue feather": "10089",
  "yellow feather": "10090",
  "orange feather": "10091",
  "tatty larupia fur": "10093",
  "larupia fur": "10095",
  "tatty graahk fur": "10097",
  "graahk fur": "10099",
  "tatty kyatt fur": "10101",
  "kyatt fur": "10103",
  "kebbit spike": "10105",
  "long kebbit spike": "10107",
  "kebbit teeth": "10109",
  "kebbit teeth dust": "10111",
  "kebbit claws": "10113",
  "dark kebbit fur": "10115",
  "polar kebbit fur": "10117",
  "feldip weasel fur": "10119",
  "common kebbit fur": "10121",
  "desert devil fur": "10123",
  "spotted kebbit fur": "10125",
  "dashing kebbit fur": "10127",
  "barb-tail harpoon": "10129",
  "strung rabbit foot": "10132",
  "rabbit foot": "10134",
  "rainbow fish": "10136",
  "raw rainbow fish": "10138",
  "guam tar": "10142",
  "marrentill tar": "10143",
  "tarromin tar": "10144",
  "harralander tar": "10145",
  "orange salamander": "10146",
  "red salamander": "10147",
  "black salamander": "10148",
  "swamp lizard": "10149",
  "noose wand": "10150",
  "hunters' crossbow": "10156",
  "kebbit bolts": "10158",
  "long kebbit bolts": "10159",
  "willow comp bow": "10280",
  "yew comp bow": "10282",
  "magic comp bow": "10284",
  "rune helm (h1)": "10286",
  "rune helm (h2)": "10288",
  "rune helm (h3)": "10290",
  "rune helm (h4)": "10292",
  "rune helm (h5)": "10294",
  "adamant helm (h1)": "10296",
  "adamant helm (h2)": "10298",
  "adamant helm (h3)": "10300",
  "adamant helm (h4)": "10302",
  "adamant helm (h5)": "10304",
  "black helm (h1)": "10306",
  "black helm (h2)": "10308",
  "black helm (h3)": "10310",
  "black helm (h4)": "10312",
  "black helm (h5)": "10314",
  "bob's red shirt": "10316",
  "bob's blue shirt": "10318",
  "bob's green shirt": "10320",
  "bob's black shirt": "10322",
  "bob's purple shirt": "10324",
  "purple firelighter": "10326",
  "white firelighter": "10327",
  "3rd age range top": "10330",
  "3rd age range legs": "10332",
  "3rd age range coif": "10334",
  "3rd age vambraces": "10336",
  "3rd age robe top": "10338",
  "3rd age robe": "10340",
  "3rd age mage hat": "10342",
  "3rd age amulet": "10344",
  "3rd age platelegs": "10346",
  "3rd age platebody": "10348",
  "3rd age full helmet": "10350",
  "3rd age kiteshield": "10352",
  "amulet of glory t four": "10354",
  "amulet of glory trimmed": "10362",
  "strength amulet trimmed": "10364",
  "amulet of magic trimmed": "10366",
  "zamorak bracers": "10368",
  "zamorak d'hide": "10370",
  "zamorak chaps": "10372",
  "zamorak coif": "10374",
  "guthix bracers": "10376",
  "guthix dragonhide": "10378",
  "guthix chaps": "10380",
  "guthix coif": "10382",
  "saradomin bracers": "10384",
  "saradomin d'hide": "10386",
  "saradomin chaps": "10388",
  "saradomin coif": "10390",
  "a powdered wig": "10392",
  "flared trousers": "10394",
  "pantaloons": "10396",
  "sleeping cap": "10398",
  "black elegant shirt": "10400",
  "black elegant legs": "10402",
  "red elegant shirt": "10404",
  "red elegant legs": "10406",
  "blue elegant shirt": "10408",
  "blue elegant legs": "10410",
  "green elegant shirt": "10412",
  "green elegant legs": "10414",
  "purple elegant shirt": "10416",
  "purple elegant legs": "10418",
  "white elegant blouse": "10420",
  "white elegant skirt": "10422",
  "red elegant blouse": "10424",
  "red elegant skirt": "10426",
  "blue elegant blouse": "10428",
  "blue elegant skirt": "10430",
  "green elegant blouse": "10432",
  "green elegant skirt": "10434",
  "purple elegant blouse": "10436",
  "purple elegant skirt": "10438",
  "saradomin crozier": "10440",
  "guthix crozier": "10442",
  "zamorak crozier": "10444",
  "saradomin cloak": "10446",
  "guthix cloak": "10448",
  "zamorak cloak": "10450",
  "saradomin mitre": "10452",
  "guthix mitre": "10454",
  "zamorak mitre": "10456",
  "saradomin robe top": "10458",
  "zamorak robe top": "10460",
  "guthix robe top": "10462",
  "saradomin robe legs": "10464",
  "guthix robe legs": "10466",
  "zamorak robe legs": "10468",
  "saradomin stole": "10470",
  "guthix stole": "10472",
  "zamorak stole": "10474",
  "purple sweets": "10476",
  "polished buttons": "10496",
  "granite body": "10564",
  "granite helm": "10589",
  "arctic pyre logs": "10808",
  "arctic pine logs": "10810",
  "split log": "10812",
  "hair": "10814",
  "raw yak meat": "10816",
  "yak-hide": "10818",
  "cured yak-hide": "10820",
  "yak-hide armour": "10824",
  "fremennik shield": "10826",
  "helm of neitiznot": "10828",
  "wooden cat": "10891",
  "sanfew serum(4)": "10925",
  "sanfew serum(3)": "10927",
  "sanfew serum(2)": "10929",
  "sanfew serum(1)": "10931",
  "nail beast nails": "10937",
  "slayer bell": "10952",
  "frog-leather body": "10954",
  "frog-leather chaps": "10956",
  "frog-leather boots": "10958",
  "light orb": "10973",
  "swamp weed": "10978",
  "cave goblin wire": "10981",
  "goblin book": "10999",
  "brine sabre": "11037",
  "ancient mace": "11061",
  "bracelet mould": "11065",
  "gold bracelet": "11069",
  "sapphire bracelet": "11072",
  "bracelet of clay": "11074",
  "emerald bracelet": "11076",
  "castle wars bracelet(3)": "11079",
  "ruby bracelet": "11085",
  "inoculation bracelet": "11088",
  "phoenix necklace": "11090",
  "diamond bracelet": "11092",
  "abyssal bracelet(5)": "11095",
  "skills necklace(4)": "11105",
  "skills necklace": "11113",
  "dragonstone bracelet": "11115",
  "combat bracelet(4)": "11118",
  "combat bracelet": "11126",
  "berserker necklace": "11128",
  "onyx bracelet": "11130",
  "regen bracelet": "11133",
  "dwarven helmet": "11200",
  "shrunk ogleroot": "11205",
  "dragon arrow": "11212",
  "dragon arrow poison": "11227",
  "dragon arrow poison plus": "11228",
  "dragon arrow poison plus plus": "11229",
  "dragon dart": "11230",
  "dragon dart poison": "11231",
  "dragon dart tip": "11232",
  "dragon dart poison plus": "11233",
  "dragon dart poison plus plus": "11234",
  "dark bow": "11235",
  "dragon arrowtips": "11237",
  "baby impling jar": "11238",
  "young impling jar": "11240",
  "gourmet impling jar": "11242",
  "earth impling jar": "11244",
  "essence impling jar": "11246",
  "eclectic impling jar": "11248",
  "nature impling jar": "11250",
  "magpie impling jar": "11252",
  "ninja impling jar": "11254",
  "dragon impling jar": "11256",
  "impling jar": "11260",
  "cavalier mask": "11280",
  "dragonfire shield": "11284",
  "draconic visage": "11286",
  "roe": "11324",
  "caviar": "11326",
  "leaping trout": "11328",
  "leaping salmon": "11330",
  "leaping sturgeon": "11332",
  "fish offcuts": "11334",
  "dragon full helm": "11335",
  "bronze hasta": "11367",
  "iron hasta": "11369",
  "steel hasta": "11371",
  "mithril hasta": "11373",
  "adamant hasta": "11375",
  "rune hasta": "11377",
  "bronze hasta poison": "11379",
  "bronze hasta poison plus": "11382",
  "bronze hasta poison plus plus": "11384",
  "iron hasta poison": "11386",
  "iron hasta poison plus": "11389",
  "iron hasta poison plus plus": "11391",
  "steel hasta poison": "11393",
  "steel hasta poison plus": "11396",
  "steel hasta poison plus plus": "11398",
  "mithril hasta poison": "11400",
  "mithril hasta poison plus": "11403",
  "mithril hasta poison plus plus": "11405",
  "adamant hasta poison": "11407",
  "adamant hasta poison plus": "11410",
  "adamant hasta poison plus plus": "11412",
  "rune hasta poison": "11414",
  "rune hasta poison plus": "11417",
  "rune hasta poison plus plus": "11419",
  "attack mix(2)": "11429",
  "attack mix(1)": "11431",
  "antipoison mix(2)": "11433",
  "antipoison mix(1)": "11435",
  "relicym's mix(2)": "11437",
  "relicym's mix(1)": "11439",
  "strength mix(1)": "11441",
  "strength mix(2)": "11443",
  "combat mix(2)": "11445",
  "combat mix(1)": "11447",
  "restore mix(2)": "11449",
  "restore mix(1)": "11451",
  "energy mix(2)": "11453",
  "energy mix(1)": "11455",
  "defence mix(2)": "11457",
  "defence mix(1)": "11459",
  "agility mix(2)": "11461",
  "agility mix(1)": "11463",
  "prayer mix(2)": "11465",
  "prayer mix(1)": "11467",
  "superattack mix(2)": "11469",
  "superattack mix(1)": "11471",
  "anti-poison supermix(2)": "11473",
  "anti-poison supermix(1)": "11475",
  "fishing mix(2)": "11477",
  "fishing mix(1)": "11479",
  "super energy mix(2)": "11481",
  "super energy mix(1)": "11483",
  "super str. mix(2)": "11485",
  "super str. mix(1)": "11487",
  "magic essence mix(2)": "11489",
  "magic essence mix(1)": "11491",
  "super restore mix(2)": "11493",
  "super restore mix(1)": "11495",
  "super def. mix(2)": "11497",
  "super def. mix(1)": "11499",
  "antidote+ mix(2)": "11501",
  "antidote+ mix(1)": "11503",
  "antifire mix(2)": "11505",
  "antifire mix(1)": "11507",
  "ranging mix(2)": "11509",
  "ranging mix(1)": "11511",
  "magic mix(2)": "11513",
  "magic mix(1)": "11515",
  "hunting mix(2)": "11517",
  "hunting mix(1)": "11519",
  "zamorak mix(2)": "11521",
  "zamorak mix(1)": "11523",
  "armadyl crossbow": "11785",
  "steam battlestaff": "11787",
  "mystic steam staff": "11789",
  "staff of the dead": "11791",
  "godsword blade": "11798",
  "armadyl godsword": "11802",
  "bandos godsword": "11804",
  "saradomin godsword": "11806",
  "zamorak godsword": "11808",
  "armadyl hilt": "11810",
  "bandos hilt": "11812",
  "saradomin hilt": "11814",
  "zamorak hilt": "11816",
  "godsword shard 1": "11818",
  "godsword shard 2": "11820",
  "godsword shard 3": "11822",
  "zamorakian spear": "11824",
  "armadyl helmet": "11826",
  "armadyl chestplate": "11828",
  "armadyl chainskirt": "11830",
  "bandos chestplate": "11832",
  "bandos tassets": "11834",
  "bandos boots": "11836",
  "saradomin sword": "11838",
  "dragon boots": "11840",
  "broad arrowheads": "11874",
  "broad bolts": "11875",
  "unfinished broad bolts": "11876",
  "zamorakian hasta": "11889",
  "leaf-bladed sword": "11902",
  "trident of the seas (full)": "11905",
  "uncharged trident": "11908",
  "dragon pickaxe": "11920",
  "malediction ward": "11924",
  "odium ward": "11926",
  "odium shard 1": "11928",
  "odium shard 2": "11929",
  "odium shard 3": "11930",
  "malediction shard 1": "11931",
  "malediction shard 2": "11932",
  "malediction shard 3": "11933",
  "raw dark crab": "11934",
  "dark crab": "11936",
  "dark fishing bait": "11940",
  "lava dragon bones": "11943",
  "extended antifire (4)": "11951",
  "extended antifire (3)": "11953",
  "extended antifire (2)": "11955",
  "extended antifire (1)": "11957",
  "black chinchompa": "11959",
  "extended antifire mix(2)": "11960",
  "extended antifire mix(1)": "11962",
  "amulet of glory (t6)": "11964",
  "skills necklace(6)": "11968",
  "combat bracelet(6)": "11972",
  "amulet of glory(6)": "11978",
  "ring of wealth (5)": "11980",
  "fedora": "11990",
  "lava scale": "11992",
  "lava scale shard": "11994",
  "smoke battlestaff": "11998",
  "mystic smoke staff": "12000",
  "occult necklace": "12002",
  "kraken tentacle": "12004",
  "jar of dirt": "12007",
  "ancient robe top": "12193",
  "ancient robe legs": "12195",
  "ancient cloak": "12197",
  "ancient crozier": "12199",
  "ancient stole": "12201",
  "ancient mitre": "12203",
  "bronze platebody gilded": "12205",
  "bronze platelegs gilded": "12207",
  "bronze plateskirt gilded": "12209",
  "bronze full helm gilded": "12211",
  "bronze kiteshield gilded": "12213",
  "bronze platebody trimmed": "12215",
  "bronze platelegs trimmed": "12217",
  "bronze plateskirt trimmed": "12219",
  "bronze full helm trimmed": "12221",
  "bronze kiteshield trimmed": "12223",
  "iron platebody trimmed": "12225",
  "iron platelegs trimmed": "12227",
  "iron plateskirt trimmed": "12229",
  "iron full helm trimmed": "12231",
  "iron kiteshield trimmed": "12233",
  "iron platebody gilded": "12235",
  "iron platelegs gilded": "12237",
  "iron plateskirt gilded": "12239",
  "iron full helm gilded": "12241",
  "iron kiteshield gilded": "12243",
  "beanie": "12245",
  "red beret": "12247",
  "imp mask": "12249",
  "goblin mask": "12251",
  "armadyl robe top": "12253",
  "armadyl robe legs": "12255",
  "armadyl stole": "12257",
  "armadyl mitre": "12259",
  "armadyl cloak": "12261",
  "armadyl crozier": "12263",
  "bandos robe top": "12265",
  "bandos robe legs": "12267",
  "bandos stole": "12269",
  "bandos mitre": "12271",
  "bandos cloak": "12273",
  "bandos crozier": "12275",
  "mithril platebody gilded": "12277",
  "mithril platelegs gilded": "12279",
  "mithril kiteshield gilded": "12281",
  "mithril full helm gilded": "12283",
  "mithril plateskirt gilded": "12285",
  "mithril platebody trimmed": "12287",
  "mithril platelegs trimmed": "12289",
  "mithril kiteshield trimmed": "12291",
  "mithril full helm trimmed": "12293",
  "mithril plateskirt trimmed": "12295",
  "black pickaxe": "12297",
  "white headband": "12299",
  "blue headband": "12301",
  "gold headband": "12303",
  "pink headband": "12305",
  "green headband": "12307",
  "pink boater": "12309",
  "purple boater": "12311",
  "white boater": "12313",
  "pink elegant shirt": "12315",
  "pink elegant legs": "12317",
  "crier hat": "12319",
  "white cavalier": "12321",
  "red cavalier": "12323",
  "navy cavalier": "12325",
  "red d'hide body gilded": "12327",
  "red d'hide chaps gilded": "12329",
  "red d'hide body trimmed": "12331",
  "red d'hide chaps trimmed": "12333",
  "briefcase": "12335",
  "sagacious spectacles": "12337",
  "pink elegant blouse": "12339",
  "pink elegant skirt": "12341",
  "gold elegant blouse": "12343",
  "gold elegant skirt": "12345",
  "gold elegant shirt": "12347",
  "gold elegant legs": "12349",
  "musketeer hat": "12351",
  "monocle": "12353",
  "big pirate hat": "12355",
  "katana": "12357",
  "leprechaun hat": "12359",
  "cat mask": "12361",
  "bronze dragon mask": "12363",
  "iron dragon mask": "12365",
  "steel dragon mask": "12367",
  "mithril dragon mask": "12369",
  "lava dragon mask": "12371",
  "dragon cane": "12373",
  "black cane": "12375",
  "adamant cane": "12377",
  "rune cane": "12379",
  "black d'hide body gilded": "12381",
  "black d'hide chaps gilded": "12383",
  "black d'hide body trimmed": "12385",
  "black d'hide chaps trimmed": "12387",
  "gilded scimitar": "12389",
  "gilded boots": "12391",
  "royal gown top": "12393",
  "royal gown bottom": "12395",
  "royal crown": "12397",
  "partyhat & specs": "12399",
  "nardah teleport": "12402",
  "digsite teleport": "12403",
  "feldip hills teleport": "12404",
  "lunar isle teleport": "12405",
  "mort'ton teleport": "12406",
  "pest control teleport": "12407",
  "piscatoris teleport": "12408",
  "tai bwo wannai teleport": "12409",
  "elf camp teleport": "12410",
  "mos le'harmless teleport": "12411",
  "pirate hat & patch": "12412",
  "3rd age wand": "12422",
  "3rd age bow": "12424",
  "3rd age longsword": "12426",
  "penguin mask": "12428",
  "afro": "12430",
  "top hat": "12432",
  "top hat & monocle": "12434",
  "3rd age cloak": "12437",
  "royal sceptre": "12439",
  "musketeer tabard": "12441",
  "musketeer pants": "12443",
  "black skirt gilded": "12445",
  "black skirt trimmed": "12447",
  "black wizard robe gilded": "12449",
  "black wizard robe trimmed": "12451",
  "black wizard hat gilded": "12453",
  "black wizard hat trimmed": "12455",
  "ancient platebody": "12460",
  "ancient platelegs": "12462",
  "ancient plateskirt": "12464",
  "ancient full helm": "12466",
  "ancient kiteshield": "12468",
  "armadyl platebody": "12470",
  "armadyl platelegs": "12472",
  "armadyl plateskirt": "12474",
  "armadyl full helm": "12476",
  "armadyl kiteshield": "12478",
  "bandos platebody": "12480",
  "bandos platelegs": "12482",
  "bandos plateskirt": "12484",
  "bandos full helm": "12486",
  "bandos kiteshield": "12488",
  "ancient bracers": "12490",
  "ancient d'hide": "12492",
  "ancient chaps": "12494",
  "ancient coif": "12496",
  "bandos bracers": "12498",
  "bandos d'hide": "12500",
  "bandos chaps": "12502",
  "bandos coif": "12504",
  "armadyl bracers": "12506",
  "armadyl d'hide": "12508",
  "armadyl chaps": "12510",
  "armadyl coif": "12512",
  "explorer backpack": "12514",
  "pith helmet": "12516",
  "green dragon mask": "12518",
  "blue dragon mask": "12520",
  "red dragon mask": "12522",
  "black dragon mask": "12524",
  "fury ornament kit": "12526",
  "dark infinity colour kit": "12528",
  "light infinity colour kit": "12530",
  "dragon sq shield ornament kit": "12532",
  "dragon chainbody ornament kit": "12534",
  "dragon plate/skirt ornament kit": "12536",
  "dragon full helm ornament kit": "12538",
  "deerstalker": "12540",
  "rangers' tunic": "12596",
  "holy sandals": "12598",
  "ring of the gods": "12601",
  "tyrannical ring": "12603",
  "treasonous ring": "12605",
  "bandos page 1": "12613",
  "bandos page 2": "12614",
  "bandos page 3": "12615",
  "bandos page 4": "12616",
  "armadyl page 1": "12617",
  "armadyl page 2": "12618",
  "armadyl page 3": "12619",
  "armadyl page 4": "12620",
  "ancient page 1": "12621",
  "ancient page 2": "12622",
  "ancient page 3": "12623",
  "ancient page 4": "12624",
  "stamina potion(4)": "12625",
  "stamina potion(3)": "12627",
  "stamina potion(2)": "12629",
  "stamina potion(1)": "12631",
  "stamina mix(2)": "12633",
  "stamina mix(1)": "12635",
  "amylase crystal": "12640",
  "lumberyard teleport": "12642",
  "super combat potion(4)": "12695",
  "super combat potion(3)": "12697",
  "super combat potion(2)": "12699",
  "super combat potion(1)": "12701",
  "blue dark bow paint": "12757",
  "green dark bow paint": "12759",
  "yellow dark bow paint": "12761",
  "white dark bow paint": "12763",
  "frozen whip mix": "12769",
  "volcanic whip mix": "12771",
  "annakarl teleport": "12775",
  "carrallangar teleport": "12776",
  "dareeyak teleport": "12777",
  "ghorrock teleport": "12778",
  "kharyrll teleport": "12779",
  "lassar teleport": "12780",
  "paddewwa teleport": "12781",
  "senntisten teleport": "12782",
  "ring of wealth scroll": "12783",
  "magic shortbow scroll": "12786",
  "clue box": "12789",
  "steam staff upgrade kit": "12798",
  "dragon pickaxe upgrade kit": "12800",
  "ward upgrade kit": "12802",
  "saradomin's tear": "12804",
  "elysian spirit shield": "12817",
  "elysian sigil": "12819",
  "spectral spirit shield": "12821",
  "spectral sigil": "12823",
  "arcane spirit shield": "12825",
  "arcane sigil": "12827",
  "spirit shield": "12829",
  "blessed spirit shield": "12831",
  "holy elixir": "12833",
  "bounty teleport scroll": "12846",
  "granite clamp": "12849",
  "amulet of the damned (full)": "12851",
  "dwarf cannon set": "12863",
  "green dragonhide set": "12865",
  "blue dragonhide set": "12867",
  "red dragonhide set": "12869",
  "black dragonhide set": "12871",
  "guthan's armour set": "12873",
  "verac's armour set": "12875",
  "dharok's armour set": "12877",
  "torag's armour set": "12879",
  "ahrim's armour set": "12881",
  "karil's armour set": "12883",
  "jar of sand": "12885",
  "uncharged toxic trident": "12900",
  "toxic staff (uncharged)": "12902",
  "anti-venom(4)": "12905",
  "anti-venom(3)": "12907",
  "anti-venom(2)": "12909",
  "anti-venom(1)": "12911",
  "anti-venom+(4)": "12913",
  "anti-venom+(3)": "12915",
  "anti-venom+(2)": "12917",
  "anti-venom+(1)": "12919",
  "tanzanite fang": "12922",
  "toxic blowpipe (empty)": "12924",
  "serpentine visage": "12927",
  "serpentine helm (uncharged)": "12929",
  "magic fang": "12932",
  "zulrah's scales": "12934",
  "jar of swamp": "12936",
  "zul-andra teleport": "12938",
  "bronze set legs": "12960",
  "bronze set skirt": "12962",
  "bronze trimmed set legs": "12964",
  "bronze trimmed set skirt": "12966",
  "bronze gold-trimmed set legs": "12968",
  "bronze gold-trimmed set skirt": "12970",
  "iron set legs": "12972",
  "iron set skirt": "12974",
  "iron trimmed set legs": "12976",
  "iron trimmed set skirt": "12978",
  "iron gold-trimmed set legs": "12980",
  "iron gold-trimmed set skirt": "12982",
  "steel set legs": "12984",
  "steel set skirt": "12986",
  "black set legs": "12988",
  "black set skirt": "12990",
  "black trimmed set legs": "12992",
  "black trimmed set skirt": "12994",
  "black gold-trimmed set legs": "12996",
  "black gold-trimmed set skirt": "12998",
  "mithril set legs": "13000",
  "mithril set skirt": "13002",
  "mithril trimmed set legs": "13004",
  "mithril trimmed set skirt": "13006",
  "mithril gold-trimmed set legs": "13008",
  "mithril gold-trimmed set skirt": "13010",
  "adamant set legs": "13012",
  "adamant set skirt": "13014",
  "adamant trimmed set legs": "13016",
  "adamant trimmed set skirt": "13018",
  "adamant gold-trimmed set legs": "13020",
  "adamant gold-trimmed set skirt": "13022",
  "rune armour set legs": "13024",
  "rune armour set skirt": "13026",
  "rune trimmed set legs": "13028",
  "rune trimmed set skirt": "13030",
  "rune gold-trimmed set legs": "13032",
  "rune gold-trimmed set skirt": "13034",
  "gilded armour set legs": "13036",
  "gilded armour set skirt": "13038",
  "saradomin armour set legs": "13040",
  "saradomin armour set skirt": "13042",
  "zamorak armour set legs": "13044",
  "zamorak armour set skirt": "13046",
  "guthix armour set legs": "13048",
  "guthix armour set skirt": "13050",
  "armadyl rune armour set legs": "13052",
  "armadyl rune armour set skirt": "13054",
  "bandos rune armour set legs": "13056",
  "bandos rune armour set skirt": "13058",
  "ancient rune armour set legs": "13060",
  "ancient rune armour set skirt": "13062",
  "combat potion set": "13064",
  "super potion set": "13066",
  "holy book page set": "13149",
  "unholy book page set": "13151",
  "book of balance page set": "13153",
  "book of war page set": "13155",
  "book of law page set": "13157",
  "book of darkness page set": "13159",
  "zamorak dragonhide set": "13161",
  "saradomin dragonhide set": "13163",
  "guthix dragonhide set": "13165",
  "bandos dragonhide set": "13167",
  "armadyl dragonhide set": "13169",
  "ancient dragonhide set": "13171",
  "partyhat set": "13173",
  "halloween mask set": "13175",
  "old school bond": "13190",
  "eternal crystal": "13227",
  "pegasian crystal": "13229",
  "primordial crystal": "13231",
  "smouldering stone": "13233",
  "eternal boots": "13235",
  "pegasian boots": "13237",
  "primordial boots": "13239",
  "jar of souls": "13245",
  "saradomin's light": "13256",
  "abyssal bludgeon": "13263",
  "abyssal dagger": "13265",
  "abyssal dagger poison": "13267",
  "abyssal dagger poison plus": "13269",
  "abyssal dagger poison plus plus": "13271",
  "jar of miasma": "13277",
  "xerician fabric": "13383",
  "xerician hat": "13385",
  "xerician top": "13387",
  "xerician robe": "13389",
  "lizardman fang": "13391",
  "saltpetre": "13421",
  "sandworms": "13431",
  "raw anglerfish": "13439",
  "anglerfish": "13441",
  "ensouled goblin head": "13448",
  "ensouled monkey head": "13451",
  "ensouled imp head": "13454",
  "ensouled minotaur head": "13457",
  "ensouled scorpion head": "13460",
  "ensouled bear head": "13463",
  "ensouled unicorn head": "13466",
  "ensouled dog head": "13469",
  "ensouled chaos druid head": "13472",
  "ensouled giant head": "13475",
  "ensouled ogre head": "13478",
  "ensouled elf head": "13481",
  "ensouled troll head": "13484",
  "ensouled horror head": "13487",
  "ensouled kalphite head": "13490",
  "ensouled dagannoth head": "13493",
  "ensouled bloodveld head": "13496",
  "ensouled tzhaar head": "13499",
  "ensouled demon head": "13502",
  "ensouled aviansie head": "13505",
  "ensouled abyssal head": "13508",
  "ensouled dragon head": "13511",
  "dynamite": "13573",
  "dragon warhammer": "13576",
  "grape seed": "13657",
  "light ballista": "19478",
  "heavy ballista": "19481",
  "dragon javelin": "19484",
  "dragon javelin poison": "19486",
  "dragon javelin poison plus": "19488",
  "dragon javelin poison plus plus": "19490",
  "zenyte": "19493",
  "uncut zenyte": "19496",
  "zenyte amulet unstrung": "19501",
  "zenyte shard": "19529",
  "zenyte bracelet": "19532",
  "zenyte necklace": "19535",
  "zenyte ring": "19538",
  "zenyte amulet": "19541",
  "tormented bracelet": "19544",
  "necklace of anguish": "19547",
  "ring of suffering": "19550",
  "amulet of torture": "19553",
  "bronze javelin heads": "19570",
  "iron javelin heads": "19572",
  "steel javelin heads": "19574",
  "mithril javelin heads": "19576",
  "adamant javelin heads": "19578",
  "rune javelin heads": "19580",
  "dragon javelin heads": "19582",
  "javelin shaft": "19584",
  "light frame": "19586",
  "heavy frame": "19589",
  "ballista limbs": "19592",
  "incomplete light ballista": "19595",
  "incomplete heavy ballista": "19598",
  "ballista spring": "19601",
  "unstrung light ballista": "19604",
  "unstrung heavy ballista": "19607",
  "monkey tail": "19610",
  "lumbridge graveyard teleport": "19613",
  "draynor manor teleport": "19615",
  "mind altar teleport": "19617",
  "salve graveyard teleport": "19619",
  "fenkenstrain's castle teleport": "19621",
  "west ardougne teleport": "19623",
  "harmony island teleport": "19625",
  "cemetery teleport": "19627",
  "barrows teleport": "19629",
  "ape atoll teleport": "19631",
  "golovanova fruit top": "19653",
  "uncooked botanical pie": "19656",
  "botanical pie": "19662",
  "damaged monkey tail": "19665",
  "redwood logs": "19669",
  "redwood pyre logs": "19672",
  "jar of darkness": "19701"
}